,time,temperature_2m,weather_code,precipitation_probability,rain,showers,snowfall,visibility,pressure_msl,latitude,longitude,elevation,timezone
0,2025-08-10T00:00,18.1,2,0,0.0,0.0,0.0,24140.0,1006.7,34.125,74.75,1589.0,GMT
1,2025-08-10T01:00,18.6,2,0,0.0,0.0,0.0,24140.0,1007.4,34.125,74.75,1589.0,GMT
2,2025-08-10T02:00,21.1,2,0,0.0,0.0,0.0,24140.0,1008.1,34.125,74.75,1589.0,GMT
3,2025-08-10T03:00,24.3,2,0,0.0,0.0,0.0,24140.0,1008.3,34.125,74.75,1589.0,GMT
4,2025-08-10T04:00,26.0,1,5,0.0,0.0,0.0,24140.0,1007.7,34.125,74.75,1589.0,GMT
5,2025-08-10T05:00,27.3,0,5,0.0,0.0,0.0,24140.0,1007.3,34.125,74.75,1589.0,GMT
6,2025-08-10T06:00,28.8,0,8,0.0,0.0,0.0,24140.0,1006.2,34.125,74.75,1589.0,GMT
7,2025-08-10T07:00,30.2,2,25,0.0,0.0,0.0,24140.0,1005.6,34.125,74.75,1589.0,GMT
8,2025-08-10T08:00,30.3,3,70,0.0,0.0,0.0,24140.0,1004.5,34.125,74.75,1589.0,GMT
9,2025-08-10T09:00,31.0,3,88,0.0,0.0,0.0,24140.0,1003.4,34.125,74.75,1589.0,GMT
10,2025-08-10T10:00,31.4,3,93,0.0,0.0,0.0,24140.0,1002.3,34.125,74.75,1589.0,GMT
11,2025-08-10T11:00,30.9,3,80,0.0,0.0,0.0,24140.0,1001.6,34.125,74.75,1589.0,GMT
12,2025-08-10T12:00,30.4,3,35,0.0,0.0,0.0,24140.0,1001.9,34.125,74.75,1589.0,GMT
13,2025-08-10T13:00,28.9,3,18,0.0,0.0,0.0,24140.0,1002.2,34.125,74.75,1589.0,GMT
14,2025-08-10T14:00,26.8,3,3,0.0,0.0,0.0,24140.0,1003.0,34.125,74.75,1589.0,GMT
15,2025-08-10T15:00,24.7,3,0,0.0,0.0,0.0,24140.0,1003.7,34.125,74.75,1589.0,GMT
16,2025-08-10T16:00,23.4,3,0,0.0,0.0,0.0,24140.0,1004.2,34.125,74.75,1589.0,GMT
17,2025-08-10T17:00,22.4,3,0,0.0,0.0,0.0,24140.0,1004.3,34.125,74.75,1589.0,GMT
18,2025-08-10T18:00,21.7,3,0,0.0,0.0,0.0,24140.0,1004.5,34.125,74.75,1589.0,GMT
19,2025-08-10T19:00,21.4,3,0,0.0,0.0,0.0,24140.0,1005.1,34.125,74.75,1589.0,GMT
20,2025-08-10T20:00,21.0,3,3,0.0,0.0,0.0,24140.0,1005.2,34.125,74.75,1589.0,GMT
21,2025-08-10T21:00,20.5,3,0,0.0,0.0,0.0,24140.0,1005.1,34.125,74.75,1589.0,GMT
22,2025-08-10T22:00,19.6,3,0,0.0,0.0,0.0,24140.0,1004.8,34.125,74.75,1589.0,GMT
23,2025-08-10T23:00,18.7,3,0,0.0,0.0,0.0,24140.0,1004.3,34.125,74.75,1589.0,GMT
24,2025-08-11T00:00,19.1,2,0,0.0,0.0,0.0,24140.0,1004.6,34.125,74.75,1589.0,GMT
25,2025-08-11T01:00,19.0,1,0,0.0,0.0,0.0,24140.0,1005.1,34.125,74.75,1589.0,GMT
26,2025-08-11T02:00,22.0,1,0,0.0,0.0,0.0,24140.0,1005.5,34.125,74.75,1589.0,GMT
27,2025-08-11T03:00,25.7,1,0,0.0,0.0,0.0,24140.0,1005.9,34.125,74.75,1589.0,GMT
28,2025-08-11T04:00,26.7,1,0,0.0,0.0,0.0,24140.0,1005.7,34.125,74.75,1589.0,GMT
29,2025-08-11T05:00,28.1,1,0,0.0,0.0,0.0,24140.0,1005.1,34.125,74.75,1589.0,GMT
30,2025-08-11T06:00,30.4,1,0,0.0,0.0,0.0,24140.0,1003.4,34.125,74.75,1589.0,GMT
31,2025-08-11T07:00,31.7,0,0,0.0,0.0,0.0,24140.0,1002.3,34.125,74.75,1589.0,GMT
32,2025-08-11T08:00,33.1,0,0,0.0,0.0,0.0,24140.0,1000.6,34.125,74.75,1589.0,GMT
33,2025-08-11T09:00,34.0,2,0,0.0,0.0,0.0,24140.0,999.2,34.125,74.75,1589.0,GMT
34,2025-08-11T10:00,34.5,3,0,0.0,0.0,0.0,24140.0,997.9,34.125,74.75,1589.0,GMT
35,2025-08-11T11:00,33.9,3,0,0.0,0.0,0.0,24140.0,997.5,34.125,74.75,1589.0,GMT
36,2025-08-11T12:00,31.6,3,0,0.0,0.0,0.0,24140.0,997.9,34.125,74.75,1589.0,GMT
37,2025-08-11T13:00,30.2,3,0,0.0,0.0,0.0,24140.0,998.5,34.125,74.75,1589.0,GMT
38,2025-08-11T14:00,28.5,3,0,0.0,0.0,0.0,24140.0,999.5,34.125,74.75,1589.0,GMT
39,2025-08-11T15:00,26.3,3,0,0.0,0.0,0.0,24140.0,1000.6,34.125,74.75,1589.0,GMT
40,2025-08-11T16:00,24.4,3,0,0.0,0.0,0.0,24140.0,1001.0,34.125,74.75,1589.0,GMT
41,2025-08-11T17:00,23.1,3,0,0.0,0.0,0.0,24140.0,1001.7,34.125,74.75,1589.0,GMT
42,2025-08-11T18:00,23.3,3,0,0.0,0.0,0.0,24140.0,1001.6,34.125,74.75,1589.0,GMT
43,2025-08-11T19:00,22.6,3,0,0.0,0.0,0.0,24140.0,1002.4,34.125,74.75,1589.0,GMT
44,2025-08-11T20:00,21.7,3,0,0.0,0.0,0.0,24140.0,1002.4,34.125,74.75,1589.0,GMT
45,2025-08-11T21:00,21.2,3,3,0.0,0.0,0.0,24140.0,1002.7,34.125,74.75,1589.0,GMT
46,2025-08-11T22:00,20.9,3,0,0.0,0.0,0.0,24140.0,1001.9,34.125,74.75,1589.0,GMT
47,2025-08-11T23:00,20.9,3,0,0.0,0.0,0.0,24140.0,1002.1,34.125,74.75,1589.0,GMT
48,2025-08-12T00:00,21.1,3,0,0.0,0.0,0.0,24140.0,1002.1,34.125,74.75,1589.0,GMT
49,2025-08-12T01:00,21.1,3,0,0.0,0.0,0.0,24140.0,1003.2,34.125,74.75,1589.0,GMT
50,2025-08-12T02:00,22.7,3,0,0.0,0.0,0.0,24140.0,1003.4,34.125,74.75,1589.0,GMT
51,2025-08-12T03:00,25.9,3,0,0.0,0.0,0.0,24140.0,1003.9,34.125,74.75,1589.0,GMT
52,2025-08-12T04:00,27.2,3,5,0.0,0.0,0.0,24140.0,1003.5,34.125,74.75,1589.0,GMT
53,2025-08-12T05:00,29.0,3,13,0.0,0.0,0.0,24140.0,1003.0,34.125,74.75,1589.0,GMT
54,2025-08-12T06:00,30.1,3,13,0.0,0.0,0.0,24140.0,1002.6,34.125,74.75,1589.0,GMT
55,2025-08-12T07:00,31.1,3,25,0.0,0.0,0.0,24140.0,1001.8,34.125,74.75,1589.0,GMT
56,2025-08-12T08:00,31.2,2,23,0.0,0.0,0.0,24140.0,1000.9,34.125,74.75,1589.0,GMT
57,2025-08-12T09:00,32.4,1,25,0.0,0.0,0.0,24140.0,1000.2,34.125,74.75,1589.0,GMT
58,2025-08-12T10:00,32.0,3,45,0.0,0.0,0.0,24140.0,999.3,34.125,74.75,1589.0,GMT
59,2025-08-12T11:00,30.0,80,30,0.0,0.4,0.0,24140.0,999.9,34.125,74.75,1589.0,GMT
60,2025-08-12T12:00,30.8,80,15,0.0,0.4,0.0,24140.0,999.2,34.125,74.75,1589.0,GMT
61,2025-08-12T13:00,27.1,80,0,0.0,0.6,0.0,24140.0,1000.8,34.125,74.75,1589.0,GMT
62,2025-08-12T14:00,25.3,3,0,0.0,0.0,0.0,24140.0,1001.4,34.125,74.75,1589.0,GMT
63,2025-08-12T15:00,24.0,3,0,0.0,0.0,0.0,24140.0,1001.6,34.125,74.75,1589.0,GMT
64,2025-08-12T16:00,23.3,3,0,0.0,0.0,0.0,24140.0,1001.5,34.125,74.75,1589.0,GMT
65,2025-08-12T17:00,22.4,3,0,0.0,0.0,0.0,24140.0,1001.7,34.125,74.75,1589.0,GMT
66,2025-08-12T18:00,22.2,3,0,0.0,0.0,0.0,24140.0,1001.2,34.125,74.75,1589.0,GMT
67,2025-08-12T19:00,21.4,3,0,0.0,0.0,0.0,24140.0,1001.6,34.125,74.75,1589.0,GMT
68,2025-08-12T20:00,20.8,3,0,0.0,0.0,0.0,24140.0,1001.6,34.125,74.75,1589.0,GMT
69,2025-08-12T21:00,20.4,3,0,0.0,0.0,0.0,24140.0,1001.6,34.125,74.75,1589.0,GMT
70,2025-08-12T22:00,20.4,3,5,0.0,0.0,0.0,24140.0,1001.6,34.125,74.75,1589.0,GMT
71,2025-08-12T23:00,20.7,3,8,0.0,0.0,0.0,24140.0,1001.7,34.125,74.75,1589.0,GMT
72,2025-08-13T00:00,21.2,3,8,0.0,0.0,0.0,24140.0,1002.1,34.125,74.75,1589.0,GMT
73,2025-08-13T01:00,21.4,3,0,0.0,0.0,0.0,24140.0,1003.0,34.125,74.75,1589.0,GMT
74,2025-08-13T02:00,22.7,3,0,0.0,0.0,0.0,24140.0,1003.6,34.125,74.75,1589.0,GMT
75,2025-08-13T03:00,24.4,3,3,0.0,0.0,0.0,24140.0,1004.3,34.125,74.75,1589.0,GMT
76,2025-08-13T04:00,24.6,3,5,0.0,0.0,0.0,24140.0,1004.6,34.125,74.75,1589.0,GMT
77,2025-08-13T05:00,26.4,3,10,0.0,0.0,0.0,24140.0,1004.2,34.125,74.75,1589.0,GMT
78,2025-08-13T06:00,28.7,2,20,0.0,0.0,0.0,23020.0,1002.7,34.125,74.75,1589.0,GMT
79,2025-08-13T07:00,30.2,2,23,0.0,0.0,0.0,23440.0,1001.8,34.125,74.75,1589.0,GMT
80,2025-08-13T08:00,31.7,3,20,0.0,0.0,0.0,24140.0,1000.7,34.125,74.75,1589.0,GMT
81,2025-08-13T09:00,31.5,3,28,0.0,0.1,0.0,24140.0,999.8,34.125,74.75,1589.0,GMT
82,2025-08-13T10:00,30.9,80,30,0.0,0.2,0.0,24140.0,999.5,34.125,74.75,1589.0,GMT
83,2025-08-13T11:00,29.0,80,40,0.0,0.6,0.0,24140.0,999.6,34.125,74.75,1589.0,GMT
84,2025-08-13T12:00,30.6,3,38,0.0,0.0,0.0,24140.0,998.0,34.125,74.75,1589.0,GMT
85,2025-08-13T13:00,30.1,3,20,0.0,0.0,0.0,24140.0,998.9,34.125,74.75,1589.0,GMT
86,2025-08-13T14:00,26.6,95,18,0.0,0.8,0.0,24140.0,1001.1,34.125,74.75,1589.0,GMT
87,2025-08-13T15:00,23.8,80,30,0.0,0.7,0.0,24140.0,1003.5,34.125,74.75,1589.0,GMT
88,2025-08-13T16:00,22.9,3,23,0.0,0.0,0.0,24140.0,1004.4,34.125,74.75,1589.0,GMT
89,2025-08-13T17:00,22.6,3,23,0.0,0.0,0.0,24140.0,1004.9,34.125,74.75,1589.0,GMT
90,2025-08-13T18:00,22.6,80,38,0.0,0.4,0.0,24140.0,1004.5,34.125,74.75,1589.0,GMT
91,2025-08-13T19:00,21.8,3,65,0.0,0.1,0.0,24140.0,1005.3,34.125,74.75,1589.0,GMT
92,2025-08-13T20:00,21.4,80,58,0.0,0.6,0.0,24140.0,1005.5,34.125,74.75,1589.0,GMT
93,2025-08-13T21:00,21.1,3,53,0.0,0.0,0.0,23620.0,1005.6,34.125,74.75,1589.0,GMT
94,2025-08-13T22:00,20.7,95,63,0.0,2.5,0.0,22120.0,1005.6,34.125,74.75,1589.0,GMT
95,2025-08-13T23:00,20.7,95,53,0.0,2.6,0.0,21480.0,1005.7,34.125,74.75,1589.0,GMT
96,2025-08-14T00:00,20.7,81,48,0.0,3.3,0.0,23540.0,1005.9,34.125,74.75,1589.0,GMT
97,2025-08-14T01:00,20.7,95,90,0.0,3.8,0.0,24140.0,1006.5,34.125,74.75,1589.0,GMT
98,2025-08-14T02:00,20.7,81,93,0.0,3.3,0.0,24140.0,1007.1,34.125,74.75,1589.0,GMT
99,2025-08-14T03:00,20.6,63,95,1.7,0.8,0.0,24140.0,1007.6,34.125,74.75,1589.0,GMT
100,2025-08-14T04:00,20.9,63,98,4.0,0.1,0.0,24140.0,1007.6,34.125,74.75,1589.0,GMT
101,2025-08-14T05:00,21.6,61,93,2.2,0.0,0.0,24140.0,1007.5,34.125,74.75,1589.0,GMT
102,2025-08-14T06:00,20.5,61,100,0.1,0.0,0.0,22420.0,1007.5,34.125,74.75,1589.0,GMT
103,2025-08-14T07:00,21.0,63,100,6.6,0.0,0.0,24140.0,1007.8,34.125,74.75,1589.0,GMT
104,2025-08-14T08:00,21.7,63,100,2.8,0.0,0.0,24140.0,1007.1,34.125,74.75,1589.0,GMT
105,2025-08-14T09:00,22.0,61,100,0.2,0.0,0.0,24140.0,1007.3,34.125,74.75,1589.0,GMT
106,2025-08-14T10:00,22.5,3,100,0.0,0.0,0.0,24140.0,1006.9,34.125,74.75,1589.0,GMT
107,2025-08-14T11:00,22.5,3,98,0.0,0.0,0.0,23380.0,1006.7,34.125,74.75,1589.0,GMT
108,2025-08-14T12:00,22.2,3,95,0.0,0.0,0.0,23260.0,1005.7,34.125,74.75,1589.0,GMT
109,2025-08-14T13:00,21.3,63,100,9.3,0.0,0.0,20640.0,1006.5,34.125,74.75,1589.0,GMT
110,2025-08-14T14:00,20.8,65,95,11.3,0.0,0.0,7360.0,1007.7,34.125,74.75,1589.0,GMT
111,2025-08-14T15:00,20.6,65,93,11.6,0.0,0.0,6540.0,1008.5,34.125,74.75,1589.0,GMT
112,2025-08-14T16:00,20.5,63,73,8.3,0.5,0.0,5800.0,1008.9,34.125,74.75,1589.0,GMT
113,2025-08-14T17:00,20.3,95,60,5.2,1.3,0.0,10560.0,1008.9,34.125,74.75,1589.0,GMT
114,2025-08-14T18:00,20.5,95,48,3.7,0.9,0.0,7500.0,1008.4,34.125,74.75,1589.0,GMT
115,2025-08-14T19:00,20.3,95,38,1.6,0.8,0.0,9120.0,1008.0,34.125,74.75,1589.0,GMT
116,2025-08-14T20:00,20.0,63,38,2.0,1.5,0.0,7360.0,1008.0,34.125,74.75,1589.0,GMT
117,2025-08-14T21:00,19.9,61,35,1.5,0.6,0.0,7340.0,1008.0,34.125,74.75,1589.0,GMT
118,2025-08-14T22:00,19.8,63,35,2.5,0.2,0.0,22200.0,1007.4,34.125,74.75,1589.0,GMT
119,2025-08-14T23:00,19.6,63,40,4.2,0.4,0.0,21680.0,1007.4,34.125,74.75,1589.0,GMT
120,2025-08-15T00:00,19.3,63,33,3.5,0.1,0.0,24020.0,1007.4,34.125,74.75,1589.0,GMT
121,2025-08-15T01:00,18.9,61,35,1.1,0.8,0.0,16680.0,1008.3,34.125,74.75,1589.0,GMT
122,2025-08-15T02:00,19.0,80,30,0.0,0.2,0.0,24140.0,1008.6,34.125,74.75,1589.0,GMT
123,2025-08-15T03:00,20.0,2,25,0.0,0.0,0.0,24140.0,1008.8,34.125,74.75,1589.0,GMT
124,2025-08-15T04:00,21.3,2,28,0.0,0.0,0.0,22140.0,1008.2,34.125,74.75,1589.0,GMT
125,2025-08-15T05:00,22.3,3,43,0.0,0.0,0.0,23500.0,1007.6,34.125,74.75,1589.0,GMT
126,2025-08-15T06:00,23.2,3,50,0.0,0.0,0.0,23580.0,1006.8,34.125,74.75,1589.0,GMT
127,2025-08-15T07:00,22.7,61,73,0.1,0.0,0.0,24140.0,1007.2,34.125,74.75,1589.0,GMT
128,2025-08-15T08:00,21.3,63,78,3.6,0.2,0.0,21260.0,1007.9,34.125,74.75,1589.0,GMT
129,2025-08-15T09:00,21.3,95,88,2.6,1.6,0.0,23920.0,1008.1,34.125,74.75,1589.0,GMT
130,2025-08-15T10:00,21.7,80,93,0.0,0.6,0.0,24140.0,1007.1,34.125,74.75,1589.0,GMT
131,2025-08-15T11:00,21.6,80,95,0.0,0.3,0.0,24140.0,1006.2,34.125,74.75,1589.0,GMT
132,2025-08-15T12:00,22.5,3,83,0.0,0.0,0.0,24140.0,1005.7,34.125,74.75,1589.0,GMT
133,2025-08-15T13:00,22.4,1,23,0.0,0.0,0.0,24140.0,1005.6,34.125,74.75,1589.0,GMT
134,2025-08-15T14:00,21.9,1,8,0.0,0.0,0.0,22340.0,1005.4,34.125,74.75,1589.0,GMT
135,2025-08-15T15:00,21.2,1,0,0.0,0.0,0.0,24140.0,1006.0,34.125,74.75,1589.0,GMT
136,2025-08-15T16:00,20.7,1,0,0.0,0.0,0.0,24140.0,1005.8,34.125,74.75,1589.0,GMT
137,2025-08-15T17:00,20.2,1,0,0.0,0.0,0.0,24140.0,1005.8,34.125,74.75,1589.0,GMT
138,2025-08-15T18:00,20.2,1,0,0.0,0.0,0.0,24140.0,1005.9,34.125,74.75,1589.0,GMT
139,2025-08-15T19:00,20.2,2,0,0.0,0.0,0.0,24140.0,1005.7,34.125,74.75,1589.0,GMT
140,2025-08-15T20:00,19.8,2,0,0.0,0.0,0.0,24140.0,1005.5,34.125,74.75,1589.0,GMT
141,2025-08-15T21:00,19.5,2,0,0.0,0.0,0.0,24140.0,1005.2,34.125,74.75,1589.0,GMT
142,2025-08-15T22:00,19.6,2,0,0.0,0.0,0.0,24140.0,1005.0,34.125,74.75,1589.0,GMT
143,2025-08-15T23:00,19.5,2,0,0.0,0.0,0.0,24140.0,1005.3,34.125,74.75,1589.0,GMT
144,2025-08-16T00:00,18.9,2,0,0.0,0.0,0.0,24140.0,1005.7,34.125,74.75,1589.0,GMT
145,2025-08-16T01:00,18.9,80,0,0.0,0.3,0.0,24140.0,1006.1,34.125,74.75,1589.0,GMT
146,2025-08-16T02:00,19.7,2,0,0.0,0.1,0.0,24140.0,1006.4,34.125,74.75,1589.0,GMT
147,2025-08-16T03:00,21.1,2,0,0.0,0.2,0.0,24140.0,1007.1,34.125,74.75,1589.0,GMT
148,2025-08-16T04:00,22.4,3,0,0.0,0.0,0.0,24140.0,1006.8,34.125,74.75,1589.0,GMT
149,2025-08-16T05:00,23.7,2,0,0.0,0.0,0.0,24140.0,1006.3,34.125,74.75,1589.0,GMT
150,2025-08-16T06:00,25.2,2,0,0.0,0.0,0.0,24140.0,1005.6,34.125,74.75,1589.0,GMT
151,2025-08-16T07:00,26.5,1,0,0.0,0.0,0.0,24140.0,1004.5,34.125,74.75,1589.0,GMT
152,2025-08-16T08:00,27.7,1,0,0.0,0.0,0.0,24140.0,1003.6,34.125,74.75,1589.0,GMT
153,2025-08-16T09:00,28.6,0,3,0.0,0.0,0.0,24140.0,1002.4,34.125,74.75,1589.0,GMT
154,2025-08-16T10:00,29.2,0,3,0.0,0.0,0.0,24140.0,1001.3,34.125,74.75,1589.0,GMT
155,2025-08-16T11:00,29.3,1,8,0.0,0.0,0.0,24140.0,1000.2,34.125,74.75,1589.0,GMT
156,2025-08-16T12:00,29.7,0,5,0.0,0.0,0.0,24140.0,999.8,34.125,74.75,1589.0,GMT
157,2025-08-16T13:00,28.9,0,0,0.0,0.0,0.0,24140.0,999.4,34.125,74.75,1589.0,GMT
158,2025-08-16T14:00,28.0,0,0,0.0,0.0,0.0,24140.0,999.9,34.125,74.75,1589.0,GMT
159,2025-08-16T15:00,24.6,0,0,0.0,0.0,0.0,24140.0,1000.9,34.125,74.75,1589.0,GMT
160,2025-08-16T16:00,22.5,1,0,0.0,0.0,0.0,24140.0,1002.0,34.125,74.75,1589.0,GMT
161,2025-08-16T17:00,21.5,2,0,0.0,0.0,0.0,24140.0,1002.5,34.125,74.75,1589.0,GMT
162,2025-08-16T18:00,21.4,2,0,0.0,0.0,0.0,24140.0,1003.2,34.125,74.75,1589.0,GMT
163,2025-08-16T19:00,21.1,3,0,0.0,0.0,0.0,24140.0,1003.4,34.125,74.75,1589.0,GMT
164,2025-08-16T20:00,20.1,2,0,0.0,0.0,0.0,24140.0,1003.9,34.125,74.75,1589.0,GMT
165,2025-08-16T21:00,19.0,2,0,0.0,0.0,0.0,24140.0,1003.9,34.125,74.75,1589.0,GMT
166,2025-08-16T22:00,18.4,1,0,0.0,0.0,0.0,24140.0,1004.1,34.125,74.75,1589.0,GMT
167,2025-08-16T23:00,18.0,1,0,0.0,0.0,0.0,24140.0,1004.1,34.125,74.75,1589.0,GMT
168,2025-08-17T00:00,17.8,3,0,0.0,0.0,0.0,24140.0,1004.4,34.125,74.75,1589.0,GMT
169,2025-08-17T01:00,17.7,3,0,0.0,0.0,0.0,24140.0,1004.8,34.125,74.75,1589.0,GMT
170,2025-08-17T02:00,19.5,3,0,0.0,0.0,0.0,24140.0,1005.4,34.125,74.75,1589.0,GMT
171,2025-08-17T03:00,23.6,3,0,0.0,0.0,0.0,24140.0,1006.0,34.125,74.75,1589.0,GMT
172,2025-08-17T04:00,25.3,0,0,0.0,0.0,0.0,24140.0,1006.7,34.125,74.75,1589.0,GMT
173,2025-08-17T05:00,26.4,0,3,0.0,0.0,0.0,24140.0,1005.8,34.125,74.75,1589.0,GMT
174,2025-08-17T06:00,27.4,2,3,0.0,0.0,0.0,24140.0,1005.6,34.125,74.75,1589.0,GMT
175,2025-08-17T07:00,28.5,1,8,0.0,0.0,0.0,24140.0,1004.5,34.125,74.75,1589.0,GMT
176,2025-08-17T08:00,29.4,1,13,0.0,0.0,0.0,24140.0,1003.6,34.125,74.75,1589.0,GMT
177,2025-08-17T09:00,29.8,0,30,0.0,0.0,0.0,24140.0,1002.3,34.125,74.75,1589.0,GMT
178,2025-08-17T10:00,29.7,0,38,0.0,0.0,0.0,24140.0,1001.9,34.125,74.75,1589.0,GMT
179,2025-08-17T11:00,29.3,0,45,0.0,0.0,0.0,24140.0,1001.5,34.125,74.75,1589.0,GMT
180,2025-08-17T12:00,28.1,0,40,0.0,0.0,0.0,24140.0,1002.3,34.125,74.75,1589.0,GMT
181,2025-08-17T13:00,27.4,0,0,0.0,0.0,0.0,24140.0,1002.1,34.125,74.75,1589.0,GMT
182,2025-08-17T14:00,26.3,0,0,0.0,0.0,0.0,24140.0,1002.6,34.125,74.75,1589.0,GMT
183,2025-08-17T15:00,24.3,0,0,0.0,0.0,0.0,24140.0,1003.3,34.125,74.75,1589.0,GMT
184,2025-08-17T16:00,22.8,1,0,0.0,0.0,0.0,21640.0,1004.0,34.125,74.75,1589.0,GMT
185,2025-08-17T17:00,21.7,2,0,0.0,0.0,0.0,24140.0,1004.4,34.125,74.75,1589.0,GMT
186,2025-08-17T18:00,21.6,3,0,0.0,0.0,0.0,24140.0,1005.7,34.125,74.75,1589.0,GMT
187,2025-08-17T19:00,21.3,3,0,0.0,0.0,0.0,24140.0,1006.3,34.125,74.75,1589.0,GMT
188,2025-08-17T20:00,20.8,3,0,0.0,0.0,0.0,24140.0,1006.8,34.125,74.75,1589.0,GMT
189,2025-08-17T21:00,20.6,3,0,0.0,0.0,0.0,13500.0,1007.6,34.125,74.75,1589.0,GMT
190,2025-08-17T22:00,20.1,3,3,0.0,0.0,0.0,24140.0,1007.8,34.125,74.75,1589.0,GMT
191,2025-08-17T23:00,19.6,3,13,0.0,0.0,0.0,18100.0,1008.1,34.125,74.75,1589.0,GMT
192,2025-08-18T00:00,19.4,3,25,0.0,0.0,0.0,17720.0,1008.7,34.125,74.75,1589.0,GMT
193,2025-08-18T01:00,18.8,80,5,0.0,0.6,0.0,8640.0,1010.2,34.125,74.75,1589.0,GMT
194,2025-08-18T02:00,19.4,80,8,0.0,1.0,0.0,22040.0,1011.0,34.125,74.75,1589.0,GMT
195,2025-08-18T03:00,20.3,3,28,0.0,0.0,0.0,9960.0,1011.8,34.125,74.75,1589.0,GMT
196,2025-08-18T04:00,21.3,3,48,0.0,0.0,0.0,9240.0,1011.3,34.125,74.75,1589.0,GMT
197,2025-08-18T05:00,22.5,3,75,0.0,0.0,0.0,6640.0,1011.1,34.125,74.75,1589.0,GMT
198,2025-08-18T06:00,22.9,3,95,0.0,0.0,0.0,7740.0,1010.2,34.125,74.75,1589.0,GMT
199,2025-08-18T07:00,23.5,3,98,0.0,0.0,0.0,7020.0,1009.6,34.125,74.75,1589.0,GMT
200,2025-08-18T08:00,23.6,3,100,0.0,0.0,0.0,10100.0,1008.9,34.125,74.75,1589.0,GMT
201,2025-08-18T09:00,24.6,3,95,0.0,0.0,0.0,22980.0,1008.1,34.125,74.75,1589.0,GMT
202,2025-08-18T10:00,24.9,3,90,0.0,0.0,0.0,24140.0,1007.3,34.125,74.75,1589.0,GMT
203,2025-08-18T11:00,24.9,3,85,0.0,0.0,0.0,24140.0,1007.3,34.125,74.75,1589.0,GMT
204,2025-08-18T12:00,24.1,3,83,0.0,0.0,0.0,23420.0,1007.3,34.125,74.75,1589.0,GMT
205,2025-08-18T13:00,23.7,2,53,0.0,0.0,0.0,24140.0,1007.1,34.125,74.75,1589.0,GMT
206,2025-08-18T14:00,22.1,2,28,0.0,0.0,0.0,23320.0,1007.4,34.125,74.75,1589.0,GMT
207,2025-08-18T15:00,21.1,1,8,0.0,0.0,0.0,23420.0,1007.6,34.125,74.75,1589.0,GMT
208,2025-08-18T16:00,20.2,0,3,0.0,0.0,0.0,24140.0,1007.9,34.125,74.75,1589.0,GMT
209,2025-08-18T17:00,19.1,0,0,0.0,0.0,0.0,24140.0,1007.9,34.125,74.75,1589.0,GMT
210,2025-08-18T18:00,18.4,1,3,0.0,0.0,0.0,24140.0,1009.4,34.125,74.75,1589.0,GMT
211,2025-08-18T19:00,18.4,45,5,0.0,0.0,0.0,24140.0,1009.4,34.125,74.75,1589.0,GMT
212,2025-08-18T20:00,18.4,0,13,0.0,0.0,0.0,24140.0,1009.4,34.125,74.75,1589.0,GMT
213,2025-08-18T21:00,18.3,1,15,0.0,0.0,0.0,24140.0,1009.4,34.125,74.75,1589.0,GMT
214,2025-08-18T22:00,17.0,2,10,0.0,0.0,0.0,24140.0,1009.2,34.125,74.75,1589.0,GMT
215,2025-08-18T23:00,16.7,2,10,0.0,0.0,0.0,24140.0,1009.6,34.125,74.75,1589.0,GMT
216,2025-08-19T00:00,16.8,2,10,0.0,0.0,0.0,24140.0,1010.5,34.125,74.75,1589.0,GMT
217,2025-08-19T01:00,17.1,80,0,0.0,1.3,0.0,24140.0,1011.2,34.125,74.75,1589.0,GMT
218,2025-08-19T02:00,18.4,3,0,0.0,0.0,0.0,24140.0,1011.4,34.125,74.75,1589.0,GMT
219,2025-08-19T03:00,19.3,3,0,0.0,0.0,0.0,24140.0,1011.8,34.125,74.75,1589.0,GMT
220,2025-08-19T04:00,20.5,3,8,0.0,0.0,0.0,24140.0,1011.9,34.125,74.75,1589.0,GMT
221,2025-08-19T05:00,21.8,2,28,0.0,0.0,0.0,24140.0,1011.3,34.125,74.75,1589.0,GMT
222,2025-08-19T06:00,20.9,3,40,0.0,0.0,0.0,24140.0,1011.3,34.125,74.75,1589.0,GMT
223,2025-08-19T07:00,22.3,2,48,0.0,0.0,0.0,24140.0,1010.6,34.125,74.75,1589.0,GMT
224,2025-08-19T08:00,23.6,2,63,0.0,0.0,0.0,24140.0,1009.5,34.125,74.75,1589.0,GMT
225,2025-08-19T09:00,24.6,1,63,0.0,0.0,0.0,24140.0,1008.1,34.125,74.75,1589.0,GMT
226,2025-08-19T10:00,25.0,1,48,0.0,0.0,0.0,24140.0,1006.8,34.125,74.75,1589.0,GMT
227,2025-08-19T11:00,24.9,2,38,0.0,0.0,0.0,24140.0,1006.1,34.125,74.75,1589.0,GMT
228,2025-08-19T12:00,23.0,1,33,0.0,0.0,0.0,23440.0,1006.7,34.125,74.75,1589.0,GMT
229,2025-08-19T13:00,22.5,1,3,0.0,0.0,0.0,24140.0,1006.6,34.125,74.75,1589.0,GMT
230,2025-08-19T14:00,21.4,1,0,0.0,0.0,0.0,24140.0,1006.9,34.125,74.75,1589.0,GMT
231,2025-08-19T15:00,20.0,0,0,0.0,0.0,0.0,24140.0,1007.4,34.125,74.75,1589.0,GMT
232,2025-08-19T16:00,18.3,0,0,0.0,0.0,0.0,10640.0,1007.6,34.125,74.75,1589.0,GMT
233,2025-08-19T17:00,17.4,0,0,0.0,0.0,0.0,24140.0,1007.5,34.125,74.75,1589.0,GMT
234,2025-08-19T18:00,16.5,0,0,0.0,0.0,0.0,24140.0,1008.2,34.125,74.75,1589.0,GMT
235,2025-08-19T19:00,16.0,0,0,0.0,0.0,0.0,24140.0,1008.3,34.125,74.75,1589.0,GMT
236,2025-08-19T20:00,15.6,0,5,0.0,0.0,0.0,24140.0,1008.2,34.125,74.75,1589.0,GMT
237,2025-08-19T21:00,15.5,0,5,0.0,0.0,0.0,24140.0,1008.3,34.125,74.75,1589.0,GMT
238,2025-08-19T22:00,15.2,0,8,0.0,0.0,0.0,12940.0,1008.4,34.125,74.75,1589.0,GMT
239,2025-08-19T23:00,14.8,0,0,0.0,0.0,0.0,24140.0,1008.5,34.125,74.75,1589.0,GMT
240,2025-08-20T00:00,14.9,1,0,0.0,0.0,0.0,24140.0,1009.2,34.125,74.75,1589.0,GMT
241,2025-08-20T01:00,14.8,2,0,0.0,0.0,0.0,22360.0,1010.0,34.125,74.75,1589.0,GMT
242,2025-08-20T02:00,16.4,2,0,0.0,0.0,0.0,24140.0,1010.3,34.125,74.75,1589.0,GMT
243,2025-08-20T03:00,20.4,1,0,0.0,0.0,0.0,24140.0,1011.0,34.125,74.75,1589.0,GMT
244,2025-08-20T04:00,21.5,1,0,0.0,0.0,0.0,24140.0,1010.5,34.125,74.75,1589.0,GMT
245,2025-08-20T05:00,22.4,1,0,0.0,0.0,0.0,24140.0,1009.7,34.125,74.75,1589.0,GMT
246,2025-08-20T06:00,23.3,1,0,0.0,0.0,0.0,24140.0,1008.9,34.125,74.75,1589.0,GMT
247,2025-08-20T07:00,24.4,1,0,0.0,0.0,0.0,24140.0,1007.8,34.125,74.75,1589.0,GMT
248,2025-08-20T08:00,25.5,1,0,0.0,0.0,0.0,24140.0,1006.6,34.125,74.75,1589.0,GMT
249,2025-08-20T09:00,26.4,0,0,0.0,0.0,0.0,24140.0,1004.9,34.125,74.75,1589.0,GMT
250,2025-08-20T10:00,27.0,0,0,0.0,0.0,0.0,24140.0,1003.7,34.125,74.75,1589.0,GMT
251,2025-08-20T11:00,26.9,0,0,0.0,0.0,0.0,24140.0,1003.0,34.125,74.75,1589.0,GMT
252,2025-08-20T12:00,26.5,0,0,0.0,0.0,0.0,24140.0,1003.3,34.125,74.75,1589.0,GMT
253,2025-08-20T13:00,25.0,0,0,0.0,0.0,0.0,24140.0,1003.1,34.125,74.75,1589.0,GMT
254,2025-08-20T14:00,22.8,0,0,0.0,0.0,0.0,24140.0,1003.9,34.125,74.75,1589.0,GMT
255,2025-08-20T15:00,20.9,1,0,0.0,0.0,0.0,24140.0,1004.6,34.125,74.75,1589.0,GMT
256,2025-08-20T16:00,19.5,2,0,0.0,0.0,0.0,24140.0,1005.1,34.125,74.75,1589.0,GMT
257,2025-08-20T17:00,18.9,2,0,0.0,0.0,0.0,24140.0,1005.1,34.125,74.75,1589.0,GMT
258,2025-08-20T18:00,17.6,2,0,0.0,0.0,0.0,24140.0,1006.3,34.125,74.75,1589.0,GMT
259,2025-08-20T19:00,17.0,2,0,0.0,0.0,0.0,24140.0,1006.7,34.125,74.75,1589.0,GMT
260,2025-08-20T20:00,17.0,2,0,0.0,0.0,0.0,24140.0,1007.5,34.125,74.75,1589.0,GMT
261,2025-08-20T21:00,16.9,2,0,0.0,0.0,0.0,24140.0,1007.5,34.125,74.75,1589.0,GMT
262,2025-08-20T22:00,16.9,1,0,0.0,0.0,0.0,24140.0,1007.7,34.125,74.75,1589.0,GMT
263,2025-08-20T23:00,16.6,2,0,0.0,0.0,0.0,24140.0,1007.8,34.125,74.75,1589.0,GMT
264,2025-08-21T00:00,16.7,2,0,0.0,0.0,0.0,23140.0,1008.3,34.125,74.75,1589.0,GMT
265,2025-08-21T01:00,16.5,2,0,0.0,0.0,0.0,24140.0,1009.0,34.125,74.75,1589.0,GMT
266,2025-08-21T02:00,17.5,2,0,0.0,0.0,0.0,24140.0,1008.8,34.125,74.75,1589.0,GMT
267,2025-08-21T03:00,21.3,1,0,0.0,0.0,0.0,24140.0,1009.0,34.125,74.75,1589.0,GMT
268,2025-08-21T04:00,23.6,0,0,0.0,0.0,0.0,24140.0,1008.6,34.125,74.75,1589.0,GMT
269,2025-08-21T05:00,24.4,1,0,0.0,0.0,0.0,24140.0,1007.9,34.125,74.75,1589.0,GMT
270,2025-08-21T06:00,25.3,1,0,0.0,0.0,0.0,24140.0,1007.5,34.125,74.75,1589.0,GMT
271,2025-08-21T07:00,26.2,1,0,0.0,0.0,0.0,24140.0,1006.4,34.125,74.75,1589.0,GMT
272,2025-08-21T08:00,27.1,0,0,0.0,0.0,0.0,24140.0,1005.2,34.125,74.75,1589.0,GMT
273,2025-08-21T09:00,28.0,0,0,0.0,0.0,0.0,24140.0,1004.0,34.125,74.75,1589.0,GMT
274,2025-08-21T10:00,28.4,0,0,0.0,0.0,0.0,24140.0,1003.0,34.125,74.75,1589.0,GMT
275,2025-08-21T11:00,28.5,0,0,0.0,0.0,0.0,24140.0,1002.3,34.125,74.75,1589.0,GMT
276,2025-08-21T12:00,28.4,0,0,0.0,0.0,0.0,24140.0,1000.8,34.125,74.75,1589.0,GMT
277,2025-08-21T13:00,27.5,0,0,0.0,0.0,0.0,24140.0,1000.8,34.125,74.75,1589.0,GMT
278,2025-08-21T14:00,25.3,0,0,0.0,0.0,0.0,24140.0,1001.4,34.125,74.75,1589.0,GMT
279,2025-08-21T15:00,24.0,1,0,0.0,0.0,0.0,24140.0,1002.6,34.125,74.75,1589.0,GMT
280,2025-08-21T16:00,21.2,2,0,0.0,0.0,0.0,24140.0,1003.3,34.125,74.75,1589.0,GMT
281,2025-08-21T17:00,19.7,2,0,0.0,0.0,0.0,24140.0,1003.7,34.125,74.75,1589.0,GMT
282,2025-08-21T18:00,18.9,2,0,0.0,0.0,0.0,24140.0,1004.3,34.125,74.75,1589.0,GMT
283,2025-08-21T19:00,18.5,2,0,0.0,0.0,0.0,24140.0,1004.8,34.125,74.75,1589.0,GMT
284,2025-08-21T20:00,18.3,3,0,0.0,0.0,0.0,24140.0,1004.5,34.125,74.75,1589.0,GMT
285,2025-08-21T21:00,18.2,3,0,0.0,0.0,0.0,24140.0,1004.4,34.125,74.75,1589.0,GMT
286,2025-08-21T22:00,18.0,2,0,0.0,0.0,0.0,24140.0,1004.1,34.125,74.75,1589.0,GMT
287,2025-08-21T23:00,17.8,2,0,0.0,0.0,0.0,24140.0,1004.1,34.125,74.75,1589.0,GMT
288,2025-08-22T00:00,17.5,2,0,0.0,0.0,0.0,24140.0,1004.1,34.125,74.75,1589.0,GMT
289,2025-08-22T01:00,17.4,2,0,0.0,0.0,0.0,24140.0,1004.1,34.125,74.75,1589.0,GMT
290,2025-08-22T02:00,18.9,2,0,0.0,0.0,0.0,24140.0,1003.7,34.125,74.75,1589.0,GMT
291,2025-08-22T03:00,22.7,2,0,0.0,0.0,0.0,24140.0,1004.1,34.125,74.75,1589.0,GMT
292,2025-08-22T04:00,24.2,1,0,0.0,0.0,0.0,24140.0,1003.3,34.125,74.75,1589.0,GMT
293,2025-08-22T05:00,25.5,0,0,0.0,0.0,0.0,24140.0,1003.1,34.125,74.75,1589.0,GMT
294,2025-08-22T06:00,27.0,1,0,0.0,0.0,0.0,24140.0,1002.5,34.125,74.75,1589.0,GMT
295,2025-08-22T07:00,28.0,0,0,0.0,0.0,0.0,24140.0,1001.5,34.125,74.75,1589.0,GMT
296,2025-08-22T08:00,29.1,0,0,0.0,0.0,0.0,24140.0,1000.4,34.125,74.75,1589.0,GMT
297,2025-08-22T09:00,30.0,0,0,0.0,0.0,0.0,24140.0,999.2,34.125,74.75,1589.0,GMT
298,2025-08-22T10:00,30.3,0,0,0.0,0.0,0.0,24140.0,998.2,34.125,74.75,1589.0,GMT
299,2025-08-22T11:00,30.1,0,0,0.0,0.0,0.0,24140.0,997.2,34.125,74.75,1589.0,GMT
300,2025-08-22T12:00,29.7,0,0,0.0,0.0,0.0,24140.0,997.4,34.125,74.75,1589.0,GMT
301,2025-08-22T13:00,28.3,0,0,0.0,0.0,0.0,24140.0,997.3,34.125,74.75,1589.0,GMT
302,2025-08-22T14:00,25.5,0,0,0.0,0.0,0.0,24140.0,998.3,34.125,74.75,1589.0,GMT
303,2025-08-22T15:00,23.2,1,0,0.0,0.0,0.0,24140.0,999.0,34.125,74.75,1589.0,GMT
304,2025-08-22T16:00,21.6,2,0,0.0,0.0,0.0,24140.0,999.7,34.125,74.75,1589.0,GMT
305,2025-08-22T17:00,20.6,2,0,0.0,0.0,0.0,24140.0,1000.2,34.125,74.75,1589.0,GMT
306,2025-08-22T18:00,19.7,2,0,0.0,0.0,0.0,24140.0,1001.0,34.125,74.75,1589.0,GMT
307,2025-08-22T19:00,19.0,2,0,0.0,0.0,0.0,24140.0,1001.1,34.125,74.75,1589.0,GMT
308,2025-08-22T20:00,18.6,2,0,0.0,0.0,0.0,24140.0,1000.8,34.125,74.75,1589.0,GMT
309,2025-08-22T21:00,18.3,3,0,0.0,0.0,0.0,24140.0,1000.6,34.125,74.75,1589.0,GMT
310,2025-08-22T22:00,18.2,3,0,0.0,0.0,0.0,24140.0,1000.6,34.125,74.75,1589.0,GMT
311,2025-08-22T23:00,18.2,2,0,0.0,0.0,0.0,24140.0,1000.8,34.125,74.75,1589.0,GMT
312,2025-08-23T00:00,17.5,2,0,0.0,0.0,0.0,24140.0,1001.4,34.125,74.75,1589.0,GMT
313,2025-08-23T01:00,17.5,3,0,0.0,0.0,0.0,24140.0,1001.7,34.125,74.75,1589.0,GMT
314,2025-08-23T02:00,19.0,2,0,0.0,0.0,0.0,24140.0,1002.1,34.125,74.75,1589.0,GMT
315,2025-08-23T03:00,23.3,2,0,0.0,0.0,0.0,24140.0,1002.6,34.125,74.75,1589.0,GMT
316,2025-08-23T04:00,24.5,2,0,0.0,0.0,0.0,24140.0,1002.7,34.125,74.75,1589.0,GMT
317,2025-08-23T05:00,25.9,1,0,0.0,0.0,0.0,24140.0,1002.2,34.125,74.75,1589.0,GMT
318,2025-08-23T06:00,27.1,1,3,0.0,0.0,0.0,24140.0,1002.0,34.125,74.75,1589.0,GMT
319,2025-08-23T07:00,28.5,1,13,0.0,0.0,0.0,24140.0,1000.9,34.125,74.75,1589.0,GMT
320,2025-08-23T08:00,29.2,1,45,0.0,0.0,0.0,24140.0,1000.3,34.125,74.75,1589.0,GMT
321,2025-08-23T09:00,29.1,1,58,0.0,0.2,0.0,24140.0,999.5,34.125,74.75,1589.0,GMT
322,2025-08-23T10:00,30.0,1,70,0.0,0.0,0.0,24140.0,998.6,34.125,74.75,1589.0,GMT
323,2025-08-23T11:00,29.9,3,70,0.0,0.0,0.0,24140.0,998.0,34.125,74.75,1589.0,GMT
324,2025-08-23T12:00,28.9,80,50,0.0,0.5,0.0,24140.0,997.9,34.125,74.75,1589.0,GMT
325,2025-08-23T13:00,27.5,3,30,0.0,0.0,0.0,24140.0,999.0,34.125,74.75,1589.0,GMT
326,2025-08-23T14:00,24.5,3,13,0.0,0.0,0.0,22440.0,1001.1,34.125,74.75,1589.0,GMT
327,2025-08-23T15:00,22.9,3,28,0.0,0.0,0.0,24140.0,1002.5,34.125,74.75,1589.0,GMT
328,2025-08-23T16:00,21.6,3,33,0.0,0.0,0.0,24140.0,1003.7,34.125,74.75,1589.0,GMT
329,2025-08-23T17:00,20.4,95,25,0.0,1.0,0.0,24140.0,1004.9,34.125,74.75,1589.0,GMT
330,2025-08-23T18:00,20.0,80,25,0.0,0.9,0.0,24140.0,1005.3,34.125,74.75,1589.0,GMT
331,2025-08-23T19:00,19.7,96,25,0.0,4.3,0.0,24140.0,1005.2,34.125,74.75,1589.0,GMT
332,2025-08-23T20:00,19.8,80,28,0.0,1.2,0.0,24140.0,1004.8,34.125,74.75,1589.0,GMT
333,2025-08-23T21:00,19.4,95,23,0.0,3.3,0.0,24140.0,1004.9,34.125,74.75,1589.0,GMT
334,2025-08-23T22:00,19.1,95,28,0.0,3.4,0.0,24140.0,1005.1,34.125,74.75,1589.0,GMT
335,2025-08-23T23:00,18.9,95,33,0.0,2.0,0.0,7600.0,1004.9,34.125,74.75,1589.0,GMT
336,2025-08-24T00:00,18.8,95,33,0.0,1.6,0.0,14220.0,1005.9,34.125,74.75,1589.0,GMT
337,2025-08-24T01:00,18.7,80,35,0.0,1.3,0.0,23660.0,1006.8,34.125,74.75,1589.0,GMT
338,2025-08-24T02:00,18.9,80,43,0.0,0.5,0.0,4400.0,1007.5,34.125,74.75,1589.0,GMT
339,2025-08-24T03:00,19.1,61,63,0.1,0.0,0.0,7620.0,1008.1,34.125,74.75,1589.0,GMT
340,2025-08-24T04:00,19.5,61,93,0.1,0.0,0.0,10080.0,1008.0,34.125,74.75,1589.0,GMT
341,2025-08-24T05:00,19.7,61,95,0.1,0.0,0.0,11520.0,1008.2,34.125,74.75,1589.0,GMT
342,2025-08-24T06:00,19.6,61,95,0.1,0.0,0.0,19320.0,1008.1,34.125,74.75,1589.0,GMT
343,2025-08-24T07:00,19.6,80,100,0.2,0.3,0.0,24140.0,1008.1,34.125,74.75,1589.0,GMT
344,2025-08-24T08:00,19.5,61,100,0.7,0.0,0.0,24140.0,1008.3,34.125,74.75,1589.0,GMT
345,2025-08-24T09:00,19.5,61,100,0.7,0.0,0.0,23500.0,1008.2,34.125,74.75,1589.0,GMT
346,2025-08-24T10:00,19.5,61,100,0.6,0.0,0.0,7000.0,1008.1,34.125,74.75,1589.0,GMT
347,2025-08-24T11:00,19.5,61,100,0.2,0.1,0.0,11980.0,1007.5,34.125,74.75,1589.0,GMT
348,2025-08-24T12:00,19.5,3,95,0.0,0.1,0.0,19420.0,1008.1,34.125,74.75,1589.0,GMT
349,2025-08-24T13:00,19.2,80,58,0.0,0.9,0.0,13020.0,1008.0,34.125,74.75,1589.0,GMT
350,2025-08-24T14:00,18.8,61,25,0.1,0.0,0.0,24140.0,1008.4,34.125,74.75,1589.0,GMT
351,2025-08-24T15:00,18.2,2,8,0.0,0.0,0.0,24140.0,1009.0,34.125,74.75,1589.0,GMT
352,2025-08-24T16:00,17.8,2,5,0.0,0.0,0.0,24140.0,1009.1,34.125,74.75,1589.0,GMT
353,2025-08-24T17:00,17.4,2,0,0.0,0.0,0.0,24140.0,1009.4,34.125,74.75,1589.0,GMT
354,2025-08-24T18:00,17.1,2,0,0.0,0.0,0.0,24140.0,1008.8,34.125,74.75,1589.0,GMT
355,2025-08-24T19:00,16.6,2,0,0.0,0.0,0.0,24140.0,1008.8,34.125,74.75,1589.0,GMT
356,2025-08-24T20:00,16.4,3,0,0.0,0.0,0.0,24140.0,1008.4,34.125,74.75,1589.0,GMT
357,2025-08-24T21:00,16.3,2,3,0.0,0.0,0.0,24140.0,1008.4,34.125,74.75,1589.0,GMT
358,2025-08-24T22:00,16.1,2,5,0.0,0.0,0.0,24140.0,1008.1,34.125,74.75,1589.0,GMT
359,2025-08-24T23:00,15.5,2,5,0.0,0.0,0.0,24140.0,1007.7,34.125,74.75,1589.0,GMT
360,2025-08-25T00:00,15.3,2,10,0.0,0.0,0.0,24140.0,1008.5,34.125,74.75,1589.0,GMT
361,2025-08-25T01:00,15.3,1,0,0.0,0.0,0.0,24140.0,1008.9,34.125,74.75,1589.0,GMT
362,2025-08-25T02:00,16.6,1,0,0.0,0.0,0.0,24140.0,1009.8,34.125,74.75,1589.0,GMT
363,2025-08-25T03:00,18.7,1,3,0.0,0.0,0.0,24140.0,1009.8,34.125,74.75,1589.0,GMT
364,2025-08-25T04:00,20.4,2,3,0.0,0.0,0.0,24140.0,1009.3,34.125,74.75,1589.0,GMT
365,2025-08-25T05:00,21.7,2,3,0.0,0.0,0.0,24140.0,1008.7,34.125,74.75,1589.0,GMT
366,2025-08-25T06:00,23.0,2,8,0.0,0.0,0.0,24140.0,1007.3,34.125,74.75,1589.0,GMT
367,2025-08-25T07:00,24.2,2,15,0.0,0.0,0.0,24140.0,1006.4,34.125,74.75,1589.0,GMT
368,2025-08-25T08:00,25.2,1,20,0.0,0.0,0.0,24140.0,1005.5,34.125,74.75,1589.0,GMT
369,2025-08-25T09:00,26.0,1,28,0.0,0.0,0.0,24140.0,1004.5,34.125,74.75,1589.0,GMT
370,2025-08-25T10:00,26.2,1,33,0.0,0.0,0.0,24140.0,1003.5,34.125,74.75,1589.0,GMT
371,2025-08-25T11:00,26.0,0,33,0.0,0.0,0.0,24140.0,1003.1,34.125,74.75,1589.0,GMT
372,2025-08-25T12:00,24.7,1,35,0.0,0.0,0.0,24140.0,1003.6,34.125,74.75,1589.0,GMT
373,2025-08-25T13:00,23.7,2,8,0.0,0.0,0.0,24140.0,1003.7,34.125,74.75,1589.0,GMT
374,2025-08-25T14:00,21.5,2,10,0.0,0.0,0.0,23280.0,1004.7,34.125,74.75,1589.0,GMT
375,2025-08-25T15:00,20.0,1,8,0.0,0.0,0.0,24140.0,1005.8,34.125,74.75,1589.0,GMT
376,2025-08-25T16:00,18.7,0,3,0.0,0.0,0.0,24140.0,1006.5,34.125,74.75,1589.0,GMT
377,2025-08-25T17:00,18.1,0,0,0.0,0.0,0.0,24140.0,1006.7,34.125,74.75,1589.0,GMT
378,2025-08-25T18:00,17.0,0,0,0.0,0.0,0.0,24140.0,1007.2,34.125,74.75,1589.0,GMT
379,2025-08-25T19:00,16.2,1,5,0.0,0.0,0.0,24140.0,1007.3,34.125,74.75,1589.0,GMT
380,2025-08-25T20:00,15.8,0,3,0.0,0.0,0.0,24140.0,1007.2,34.125,74.75,1589.0,GMT
381,2025-08-25T21:00,15.5,0,13,0.0,0.0,0.0,24140.0,1007.0,34.125,74.75,1589.0,GMT
382,2025-08-25T22:00,15.5,3,18,0.0,0.0,0.0,24140.0,1007.0,34.125,74.75,1589.0,GMT
383,2025-08-25T23:00,16.9,3,30,0.0,0.0,0.0,24140.0,1007.2,34.125,74.75,1589.0,GMT
384,2025-08-26T00:00,17.5,3,38,0.0,0.0,0.0,24140.0,1007.2,34.125,74.75,1589.0,GMT
385,2025-08-26T01:00,17.4,61,60,0.4,0.0,0.0,24140.0,1007.6,34.125,74.75,1589.0,GMT
386,2025-08-26T02:00,17.7,61,70,0.1,0.0,0.0,24140.0,1009.0,34.125,74.75,1589.0,GMT
387,2025-08-26T03:00,17.8,61,83,0.2,0.0,0.0,24140.0,1010.4,34.125,74.75,1589.0,GMT
388,2025-08-26T04:00,18.0,61,78,0.1,0.0,0.0,23280.0,1010.5,34.125,74.75,1589.0,GMT
389,2025-08-26T05:00,18.1,61,73,0.1,0.0,0.0,24140.0,1011.2,34.125,74.75,1589.0,GMT
390,2025-08-26T06:00,18.9,61,68,0.1,0.0,0.0,24140.0,1010.2,34.125,74.75,1589.0,GMT
391,2025-08-26T07:00,18.5,61,65,0.7,0.0,0.0,24140.0,1010.9,34.125,74.75,1589.0,GMT
392,2025-08-26T08:00,18.7,61,78,0.4,0.0,0.0,24140.0,1011.3,34.125,74.75,1589.0,GMT
393,2025-08-26T09:00,18.6,3,80,0.0,0.0,0.0,24140.0,1011.3,34.125,74.75,1589.0,GMT
394,2025-08-26T10:00,17.9,61,68,0.7,0.0,0.0,24140.0,1011.4,34.125,74.75,1589.0,GMT
395,2025-08-26T11:00,17.2,61,65,2.4,0.0,0.0,24140.0,1011.7,34.125,74.75,1589.0,GMT
396,2025-08-26T12:00,17.1,61,60,1.0,0.0,0.0,24140.0,1011.2,34.125,74.75,1589.0,GMT
397,2025-08-26T13:00,16.6,63,88,3.5,0.0,0.0,24140.0,1011.8,34.125,74.75,1589.0,GMT
398,2025-08-26T14:00,15.8,63,85,3.2,0.0,0.0,24140.0,1013.3,34.125,74.75,1589.0,GMT
399,2025-08-26T15:00,15.5,61,73,1.6,0.0,0.0,24140.0,1013.9,34.125,74.75,1589.0,GMT
400,2025-08-26T16:00,15.2,61,58,0.5,0.0,0.0,24140.0,1014.0,34.125,74.75,1589.0,GMT
401,2025-08-26T17:00,15.1,61,35,0.3,0.0,0.0,24140.0,1014.2,34.125,74.75,1589.0,GMT
402,2025-08-26T18:00,15.2,61,28,0.1,0.0,0.0,24140.0,1013.9,34.125,74.75,1589.0,GMT
403,2025-08-26T19:00,15.4,3,18,0.0,0.0,0.0,24140.0,1013.5,34.125,74.75,1589.0,GMT
404,2025-08-26T20:00,15.3,3,15,0.0,0.0,0.0,24140.0,1012.9,34.125,74.75,1589.0,GMT
405,2025-08-26T21:00,15.1,3,13,0.0,0.0,0.0,24140.0,1013.2,34.125,74.75,1589.0,GMT
406,2025-08-26T22:00,15.0,2,15,0.0,0.0,0.0,24140.0,1012.8,34.125,74.75,1589.0,GMT
407,2025-08-26T23:00,14.7,3,15,0.0,0.0,0.0,24140.0,1012.5,34.125,74.75,1589.0,GMT
408,2025-08-27T00:00,14.0,2,13,0.0,0.0,0.0,24140.0,1012.1,34.125,74.75,1589.0,GMT
409,2025-08-27T01:00,13.9,3,13,0.0,0.0,0.0,24140.0,1011.9,34.125,74.75,1589.0,GMT
410,2025-08-27T02:00,14.8,3,8,0.0,0.0,0.0,24140.0,1012.4,34.125,74.75,1589.0,GMT
411,2025-08-27T03:00,16.5,2,0,0.0,0.0,0.0,24140.0,1013.2,34.125,74.75,1589.0,GMT
412,2025-08-27T04:00,17.7,1,0,0.0,0.0,0.0,24140.0,1013.2,34.125,74.75,1589.0,GMT
413,2025-08-27T05:00,19.2,1,0,0.0,0.0,0.0,24140.0,1012.5,34.125,74.75,1589.0,GMT
414,2025-08-27T06:00,20.2,2,0,0.0,0.0,0.0,24140.0,1011.4,34.125,74.75,1589.0,GMT
415,2025-08-27T07:00,21.8,2,0,0.0,0.0,0.0,24140.0,1010.1,34.125,74.75,1589.0,GMT
416,2025-08-27T08:00,23.0,1,0,0.0,0.0,0.0,24140.0,1008.6,34.125,74.75,1589.0,GMT
417,2025-08-27T09:00,24.2,1,8,0.0,0.0,0.0,24140.0,1007.3,34.125,74.75,1589.0,GMT
418,2025-08-27T10:00,24.8,0,5,0.0,0.0,0.0,24140.0,1006.1,34.125,74.75,1589.0,GMT
419,2025-08-27T11:00,25.0,0,13,0.0,0.0,0.0,24140.0,1005.2,34.125,74.75,1589.0,GMT
420,2025-08-27T12:00,23.6,0,23,0.0,0.0,0.0,24140.0,1006.3,34.125,74.75,1589.0,GMT
421,2025-08-27T13:00,23.0,0,30,0.0,0.0,0.0,24140.0,1006.6,34.125,74.75,1589.0,GMT
422,2025-08-27T14:00,21.4,0,13,0.0,0.0,0.0,24140.0,1007.0,34.125,74.75,1589.0,GMT
423,2025-08-27T15:00,19.9,1,0,0.0,0.0,0.0,24140.0,1007.6,34.125,74.75,1589.0,GMT
424,2025-08-27T16:00,18.4,1,0,0.0,0.0,0.0,24140.0,1007.4,34.125,74.75,1589.0,GMT
425,2025-08-27T17:00,17.6,2,0,0.0,0.0,0.0,24140.0,1006.9,34.125,74.75,1589.0,GMT
426,2025-08-27T18:00,16.6,2,0,0.0,0.0,0.0,24140.0,1007.2,34.125,74.75,1589.0,GMT
427,2025-08-27T19:00,16.3,2,0,0.0,0.0,0.0,24140.0,1007.2,34.125,74.75,1589.0,GMT
428,2025-08-27T20:00,16.1,2,0,0.0,0.0,0.0,24140.0,1007.4,34.125,74.75,1589.0,GMT
429,2025-08-27T21:00,16.1,2,0,0.0,0.0,0.0,24140.0,1007.5,34.125,74.75,1589.0,GMT
430,2025-08-27T22:00,15.7,2,0,0.0,0.0,0.0,24140.0,1007.8,34.125,74.75,1589.0,GMT
431,2025-08-27T23:00,15.5,2,0,0.0,0.0,0.0,24140.0,1007.8,34.125,74.75,1589.0,GMT
432,2025-08-28T00:00,15.6,2,0,0.0,0.0,0.0,24140.0,1008.7,34.125,74.75,1589.0,GMT
433,2025-08-28T01:00,15.5,3,0,0.0,0.0,0.0,24140.0,1009.1,34.125,74.75,1589.0,GMT
434,2025-08-28T02:00,17.1,3,0,0.0,0.0,0.0,24140.0,1009.5,34.125,74.75,1589.0,GMT
435,2025-08-28T03:00,20.2,2,0,0.0,0.0,0.0,24140.0,1010.0,34.125,74.75,1589.0,GMT
436,2025-08-28T04:00,21.2,2,0,0.0,0.0,0.0,24140.0,1009.8,34.125,74.75,1589.0,GMT
437,2025-08-28T05:00,22.3,2,0,0.0,0.0,0.0,24140.0,1008.7,34.125,74.75,1589.0,GMT
438,2025-08-28T06:00,22.7,1,0,0.0,0.0,0.0,24140.0,1008.3,34.125,74.75,1589.0,GMT
439,2025-08-28T07:00,24.3,1,0,0.0,0.0,0.0,24140.0,1007.1,34.125,74.75,1589.0,GMT
440,2025-08-28T08:00,25.4,0,0,0.0,0.0,0.0,24140.0,1006.2,34.125,74.75,1589.0,GMT
441,2025-08-28T09:00,26.4,0,3,0.0,0.0,0.0,24140.0,1004.9,34.125,74.75,1589.0,GMT
442,2025-08-28T10:00,26.8,0,10,0.0,0.0,0.0,24140.0,1003.7,34.125,74.75,1589.0,GMT
443,2025-08-28T11:00,26.7,0,5,0.0,0.0,0.0,19820.0,1002.7,34.125,74.75,1589.0,GMT
444,2025-08-28T12:00,26.2,0,5,0.0,0.0,0.0,24140.0,1002.9,34.125,74.75,1589.0,GMT
445,2025-08-28T13:00,24.9,0,0,0.0,0.0,0.0,24140.0,1002.9,34.125,74.75,1589.0,GMT
446,2025-08-28T14:00,23.5,0,0,0.0,0.0,0.0,5220.0,1003.1,34.125,74.75,1589.0,GMT
447,2025-08-28T15:00,21.3,1,0,0.0,0.0,0.0,24140.0,1003.8,34.125,74.75,1589.0,GMT
448,2025-08-28T16:00,19.4,2,0,0.0,0.0,0.0,24140.0,1003.9,34.125,74.75,1589.0,GMT
449,2025-08-28T17:00,18.8,1,0,0.0,0.0,0.0,24140.0,1004.3,34.125,74.75,1589.0,GMT
450,2025-08-28T18:00,17.9,2,0,0.0,0.0,0.0,24140.0,1005.1,34.125,74.75,1589.0,GMT
451,2025-08-28T19:00,17.3,2,0,0.0,0.0,0.0,19280.0,1005.6,34.125,74.75,1589.0,GMT
452,2025-08-28T20:00,16.8,2,5,0.0,0.0,0.0,24140.0,1005.4,34.125,74.75,1589.0,GMT
453,2025-08-28T21:00,16.7,2,8,0.0,0.0,0.0,24140.0,1005.9,34.125,74.75,1589.0,GMT
454,2025-08-28T22:00,16.7,2,5,0.0,0.0,0.0,24140.0,1005.6,34.125,74.75,1589.0,GMT
455,2025-08-28T23:00,16.6,2,3,0.0,0.0,0.0,24140.0,1005.9,34.125,74.75,1589.0,GMT
456,2025-08-29T00:00,16.3,2,0,0.0,0.0,0.0,24140.0,1006.1,34.125,74.75,1589.0,GMT
457,2025-08-29T01:00,16.3,1,0,0.0,0.0,0.0,24140.0,1006.6,34.125,74.75,1589.0,GMT
458,2025-08-29T02:00,18.0,1,0,0.0,0.0,0.0,24140.0,1006.7,34.125,74.75,1589.0,GMT
459,2025-08-29T03:00,21.8,1,0,0.0,0.0,0.0,24140.0,1007.0,34.125,74.75,1589.0,GMT
460,2025-08-29T04:00,22.9,0,0,0.0,0.0,0.0,24140.0,1007.1,34.125,74.75,1589.0,GMT
461,2025-08-29T05:00,24.1,0,0,0.0,0.0,0.0,24140.0,1006.8,34.125,74.75,1589.0,GMT
462,2025-08-29T06:00,24.9,0,0,0.0,0.0,0.0,24140.0,1006.6,34.125,74.75,1589.0,GMT
463,2025-08-29T07:00,26.1,1,0,0.0,0.0,0.0,24140.0,1005.7,34.125,74.75,1589.0,GMT
464,2025-08-29T08:00,27.0,0,10,0.0,0.0,0.0,24140.0,1004.5,34.125,74.75,1589.0,GMT
465,2025-08-29T09:00,27.9,0,33,0.0,0.0,0.0,24140.0,1003.5,34.125,74.75,1589.0,GMT
466,2025-08-29T10:00,28.3,0,55,0.0,0.0,0.0,24140.0,1002.4,34.125,74.75,1589.0,GMT
467,2025-08-29T11:00,28.1,0,38,0.0,0.0,0.0,24140.0,1001.7,34.125,74.75,1589.0,GMT
468,2025-08-29T12:00,27.5,0,28,0.0,0.0,0.0,24140.0,1002.5,34.125,74.75,1589.0,GMT
469,2025-08-29T13:00,25.9,0,10,0.0,0.0,0.0,24140.0,1002.7,34.125,74.75,1589.0,GMT
470,2025-08-29T14:00,24.3,1,10,0.0,0.0,0.0,24140.0,1003.7,34.125,74.75,1589.0,GMT
471,2025-08-29T15:00,22.2,2,28,0.0,0.0,0.0,8680.0,1004.6,34.125,74.75,1589.0,GMT
472,2025-08-29T16:00,20.7,95,43,0.0,1.5,0.0,22280.0,1006.7,34.125,74.75,1589.0,GMT
473,2025-08-29T17:00,19.6,96,53,0.0,2.7,0.0,24140.0,1008.8,34.125,74.75,1589.0,GMT
474,2025-08-29T18:00,20.1,95,50,0.0,1.0,0.0,24140.0,1009.2,34.125,74.75,1589.0,GMT
475,2025-08-29T19:00,19.6,95,35,0.0,2.7,0.0,24140.0,1010.6,34.125,74.75,1589.0,GMT
476,2025-08-29T20:00,19.2,95,33,0.0,0.8,0.0,24140.0,1010.7,34.125,74.75,1589.0,GMT
477,2025-08-29T21:00,19.0,80,40,0.0,0.6,0.0,24140.0,1010.3,34.125,74.75,1589.0,GMT
478,2025-08-29T22:00,18.9,95,38,0.0,1.2,0.0,24140.0,1010.2,34.125,74.75,1589.0,GMT
479,2025-08-29T23:00,18.8,80,23,0.0,1.1,0.0,24140.0,1009.8,34.125,74.75,1589.0,GMT
480,2025-08-30T00:00,19.1,3,28,0.0,0.0,0.0,24140.0,1010.9,34.125,74.75,1589.0,GMT
481,2025-08-30T01:00,18.8,95,20,0.0,0.8,0.0,24140.0,1010.8,34.125,74.75,1589.0,GMT
482,2025-08-30T02:00,19.0,80,23,0.0,0.7,0.0,21300.0,1011.7,34.125,74.75,1589.0,GMT
483,2025-08-30T03:00,19.7,3,25,0.0,0.0,0.0,24140.0,1011.8,34.125,74.75,1589.0,GMT
484,2025-08-30T04:00,20.5,3,60,0.0,0.0,0.0,24140.0,1011.9,34.125,74.75,1589.0,GMT
485,2025-08-30T05:00,21.3,3,48,0.0,0.0,0.0,24140.0,1011.4,34.125,74.75,1589.0,GMT
486,2025-08-30T06:00,21.9,3,60,0.0,0.0,0.0,24140.0,1010.9,34.125,74.75,1589.0,GMT
487,2025-08-30T07:00,23.1,3,68,0.0,0.0,0.0,24140.0,1009.8,34.125,74.75,1589.0,GMT
488,2025-08-30T08:00,23.8,3,73,0.0,0.0,0.0,24140.0,1008.8,34.125,74.75,1589.0,GMT
489,2025-08-30T09:00,24.5,3,75,0.0,0.0,0.0,24140.0,1007.7,34.125,74.75,1589.0,GMT
490,2025-08-30T10:00,24.6,3,48,0.0,0.0,0.0,24140.0,1007.2,34.125,74.75,1589.0,GMT
491,2025-08-30T11:00,24.4,3,23,0.0,0.0,0.0,24140.0,1006.3,34.125,74.75,1589.0,GMT
492,2025-08-30T12:00,24.7,3,20,0.0,0.0,0.0,24140.0,1005.9,34.125,74.75,1589.0,GMT
493,2025-08-30T13:00,23.8,3,8,0.0,0.0,0.0,24140.0,1005.7,34.125,74.75,1589.0,GMT
494,2025-08-30T14:00,23.5,3,3,0.0,0.0,0.0,24140.0,1006.1,34.125,74.75,1589.0,GMT
495,2025-08-30T15:00,22.1,3,3,0.0,0.0,0.0,24140.0,1006.5,34.125,74.75,1589.0,GMT
496,2025-08-30T16:00,21.0,3,5,0.0,0.0,0.0,11660.0,1006.9,34.125,74.75,1589.0,GMT
497,2025-08-30T17:00,20.1,3,15,0.0,0.0,0.0,24140.0,1006.8,34.125,74.75,1589.0,GMT
498,2025-08-30T18:00,19.1,3,40,0.0,0.0,0.0,24140.0,1007.7,34.125,74.75,1589.0,GMT
499,2025-08-30T19:00,18.3,3,43,0.0,0.0,0.0,24140.0,1007.8,34.125,74.75,1589.0,GMT
500,2025-08-30T20:00,18.5,95,38,0.0,1.9,0.0,24140.0,1009.2,34.125,74.75,1589.0,GMT
501,2025-08-30T21:00,18.6,80,58,0.0,0.4,0.0,24140.0,1008.5,34.125,74.75,1589.0,GMT
502,2025-08-30T22:00,17.7,95,40,0.0,2.7,0.0,24140.0,1008.8,34.125,74.75,1589.0,GMT
503,2025-08-30T23:00,17.5,95,20,0.0,1.3,0.0,24140.0,1008.8,34.125,74.75,1589.0,GMT
504,2025-08-31T00:00,17.1,80,23,0.0,1.0,0.0,24140.0,1009.3,34.125,74.75,1589.0,GMT
505,2025-08-31T01:00,17.1,45,15,0.0,0.0,0.0,20080.0,1009.5,34.125,74.75,1589.0,GMT
506,2025-08-31T02:00,17.8,80,10,0.0,0.2,0.0,24140.0,1009.8,34.125,74.75,1589.0,GMT
507,2025-08-31T03:00,19.6,80,13,0.0,0.3,0.0,24140.0,1010.1,34.125,74.75,1589.0,GMT
508,2025-08-31T04:00,20.6,2,38,0.0,0.0,0.0,24140.0,1009.5,34.125,74.75,1589.0,GMT
509,2025-08-31T05:00,21.7,2,38,0.0,0.0,0.0,24140.0,1009.1,34.125,74.75,1589.0,GMT
510,2025-08-31T06:00,23.2,2,63,0.0,0.0,0.0,23400.0,1006.9,34.125,74.75,1589.0,GMT
511,2025-08-31T07:00,24.3,3,75,0.0,0.0,0.0,23400.0,1005.8,34.125,74.75,1589.0,GMT
512,2025-08-31T08:00,24.9,3,80,0.0,0.0,0.0,24140.0,1004.6,34.125,74.75,1589.0,GMT
513,2025-08-31T09:00,25.9,3,78,0.0,0.0,0.0,24140.0,1003.8,34.125,74.75,1589.0,GMT
514,2025-08-31T10:00,25.6,3,63,0.0,0.0,0.0,24140.0,1003.3,34.125,74.75,1589.0,GMT
515,2025-08-31T11:00,24.3,80,40,0.0,0.3,0.0,24140.0,1003.4,34.125,74.75,1589.0,GMT
516,2025-08-31T12:00,25.1,80,40,0.0,1.1,0.0,24140.0,1002.8,34.125,74.75,1589.0,GMT
517,2025-08-31T13:00,21.6,96,58,0.0,2.2,0.0,24140.0,1003.9,34.125,74.75,1589.0,GMT
518,2025-08-31T14:00,20.5,80,48,0.0,1.3,0.0,24140.0,1005.2,34.125,74.75,1589.0,GMT
519,2025-08-31T15:00,19.7,3,43,0.0,0.0,0.0,12700.0,1006.0,34.125,74.75,1589.0,GMT
520,2025-08-31T16:00,18.7,95,50,0.0,4.4,0.0,24140.0,1007.0,34.125,74.75,1589.0,GMT
521,2025-08-31T17:00,18.6,80,63,0.0,0.4,0.0,16160.0,1007.1,34.125,74.75,1589.0,GMT
522,2025-08-31T18:00,18.4,80,75,0.0,0.5,0.0,13080.0,1007.0,34.125,74.75,1589.0,GMT
523,2025-08-31T19:00,18.1,80,65,0.0,1.3,0.0,13080.0,1007.0,34.125,74.75,1589.0,GMT
524,2025-08-31T20:00,17.8,95,50,0.0,1.1,0.0,6200.0,1007.1,34.125,74.75,1589.0,GMT
525,2025-08-31T21:00,17.7,95,48,0.0,2.1,0.0,8060.0,1006.8,34.125,74.75,1589.0,GMT
526,2025-08-31T22:00,17.7,3,35,0.0,0.2,0.0,14040.0,1006.5,34.125,74.75,1589.0,GMT
527,2025-08-31T23:00,17.6,80,23,0.0,0.4,0.0,18800.0,1006.3,34.125,74.75,1589.0,GMT
528,2025-09-01T00:00,17.7,80,15,0.0,0.5,0.0,24140.0,1005.9,34.125,74.75,1589.0,GMT
529,2025-09-01T01:00,17.4,3,33,0.0,0.0,0.0,24140.0,1006.4,34.125,74.75,1589.0,GMT
530,2025-09-01T02:00,17.9,3,20,0.0,0.0,0.0,24140.0,1006.3,34.125,74.75,1589.0,GMT
531,2025-09-01T03:00,18.9,2,18,0.0,0.0,0.0,24140.0,1006.7,34.125,74.75,1589.0,GMT
532,2025-09-01T04:00,20.0,2,23,0.0,0.1,0.0,24140.0,1006.5,34.125,74.75,1589.0,GMT
533,2025-09-01T05:00,21.3,2,20,0.0,0.0,0.0,24140.0,1005.8,34.125,74.75,1589.0,GMT
534,2025-09-01T06:00,22.5,2,55,0.0,0.0,0.0,24140.0,1004.3,34.125,74.75,1589.0,GMT
535,2025-09-01T07:00,23.6,1,68,0.0,0.0,0.0,24140.0,1003.3,34.125,74.75,1589.0,GMT
536,2025-09-01T08:00,24.6,1,73,0.0,0.0,0.0,24140.0,1002.0,34.125,74.75,1589.0,GMT
537,2025-09-01T09:00,25.3,3,75,0.0,0.0,0.0,24140.0,1001.0,34.125,74.75,1589.0,GMT
538,2025-09-01T10:00,25.3,2,78,0.0,0.0,0.0,24140.0,1000.5,34.125,74.75,1589.0,GMT
539,2025-09-01T11:00,24.7,3,65,0.0,0.1,0.0,22020.0,1000.6,34.125,74.75,1589.0,GMT
540,2025-09-01T12:00,26.4,80,65,0.0,1.4,0.0,24140.0,999.0,34.125,74.75,1589.0,GMT
541,2025-09-01T13:00,23.4,3,73,0.0,0.2,0.0,24140.0,1001.2,34.125,74.75,1589.0,GMT
542,2025-09-01T14:00,21.0,80,63,0.0,0.3,0.0,22240.0,1003.4,34.125,74.75,1589.0,GMT
543,2025-09-01T15:00,20.3,3,43,0.0,0.1,0.0,10000.0,1004.6,34.125,74.75,1589.0,GMT
544,2025-09-01T16:00,19.1,95,28,0.0,1.6,0.0,9940.0,1005.9,34.125,74.75,1589.0,GMT
545,2025-09-01T17:00,18.6,95,45,0.0,3.3,0.0,5840.0,1006.1,34.125,74.75,1589.0,GMT
546,2025-09-01T18:00,18.0,95,50,0.0,2.9,0.0,20040.0,1006.3,34.125,74.75,1589.0,GMT
547,2025-09-01T19:00,17.7,95,63,0.0,3.3,0.0,24140.0,1006.7,34.125,74.75,1589.0,GMT
548,2025-09-01T20:00,17.5,95,63,0.0,2.2,0.0,7980.0,1006.8,34.125,74.75,1589.0,GMT
549,2025-09-01T21:00,17.3,80,48,0.0,1.9,0.0,10840.0,1006.8,34.125,74.75,1589.0,GMT
550,2025-09-01T22:00,17.1,45,38,0.0,0.0,0.0,24140.0,1006.8,34.125,74.75,1589.0,GMT
551,2025-09-01T23:00,16.8,45,40,0.0,0.0,0.0,24140.0,1006.5,34.125,74.75,1589.0,GMT
552,2025-09-02T00:00,17.0,3,43,0.0,0.0,0.0,24140.0,1005.9,34.125,74.75,1589.0,GMT
553,2025-09-02T01:00,17.0,80,60,0.0,0.2,0.0,24140.0,1006.0,34.125,74.75,1589.0,GMT
554,2025-09-02T02:00,17.3,61,63,0.1,0.0,0.0,24140.0,1006.1,34.125,74.75,1589.0,GMT
555,2025-09-02T03:00,17.5,61,68,0.3,0.0,0.0,24140.0,1007.0,34.125,74.75,1589.0,GMT
556,2025-09-02T04:00,17.9,61,75,0.9,0.0,0.0,24140.0,1007.6,34.125,74.75,1589.0,GMT
557,2025-09-02T05:00,17.9,63,83,3.8,0.0,0.0,24140.0,1007.7,34.125,74.75,1589.0,GMT
558,2025-09-02T06:00,19.4,63,85,3.0,0.0,0.0,24140.0,1007.3,34.125,74.75,1589.0,GMT
559,2025-09-02T07:00,19.3,61,85,0.6,0.0,0.0,24140.0,1007.7,34.125,74.75,1589.0,GMT
560,2025-09-02T08:00,20.0,61,88,0.1,0.0,0.0,24140.0,1007.4,34.125,74.75,1589.0,GMT
561,2025-09-02T09:00,20.7,3,80,0.0,0.0,0.0,23440.0,1006.9,34.125,74.75,1589.0,GMT
562,2025-09-02T10:00,20.1,3,85,0.0,0.0,0.0,24140.0,1006.4,34.125,74.75,1589.0,GMT
563,2025-09-02T11:00,19.8,3,88,0.0,0.0,0.0,24140.0,1006.3,34.125,74.75,1589.0,GMT
564,2025-09-02T12:00,19.3,3,93,0.0,0.0,0.0,24140.0,1006.5,34.125,74.75,1589.0,GMT
565,2025-09-02T13:00,19.0,3,75,0.0,0.1,0.0,7280.0,1007.0,34.125,74.75,1589.0,GMT
566,2025-09-02T14:00,18.0,80,83,0.1,0.3,0.0,16900.0,1008.2,34.125,74.75,1589.0,GMT
567,2025-09-02T15:00,17.2,61,88,0.6,0.2,0.0,18940.0,1009.0,34.125,74.75,1589.0,GMT
568,2025-09-02T16:00,16.5,61,88,0.9,0.0,0.0,19860.0,1009.5,34.125,74.75,1589.0,GMT
569,2025-09-02T17:00,16.2,61,90,1.2,0.0,0.0,11980.0,1009.6,34.125,74.75,1589.0,GMT
570,2025-09-02T18:00,15.9,61,93,1.2,0.0,0.0,24060.0,1009.6,34.125,74.75,1589.0,GMT
571,2025-09-02T19:00,16.1,3,95,0.0,0.0,0.0,21940.0,1009.8,34.125,74.75,1589.0,GMT
572,2025-09-02T20:00,16.1,61,95,0.1,0.0,0.0,24140.0,1009.6,34.125,74.75,1589.0,GMT
573,2025-09-02T21:00,15.9,3,90,0.0,0.0,0.0,22540.0,1009.5,34.125,74.75,1589.0,GMT
574,2025-09-02T22:00,15.9,3,85,0.0,0.0,0.0,20640.0,1008.8,34.125,74.75,1589.0,GMT
575,2025-09-02T23:00,15.7,61,93,1.5,0.2,0.0,11200.0,1008.9,34.125,74.75,1589.0,GMT
576,2025-09-03T00:00,15.5,63,98,3.7,0.0,0.0,12880.0,1009.7,34.125,74.75,1589.0,GMT
577,2025-09-03T01:00,15.5,61,100,1.2,0.0,0.0,23260.0,1009.9,34.125,74.75,1589.0,GMT
578,2025-09-03T02:00,15.5,61,98,0.5,0.0,0.0,22940.0,1010.9,34.125,74.75,1589.0,GMT
579,2025-09-03T03:00,15.9,80,93,0.1,0.1,0.0,10060.0,1011.3,34.125,74.75,1589.0,GMT
580,2025-09-03T04:00,16.4,80,85,0.4,0.5,0.0,23820.0,1011.6,34.125,74.75,1589.0,GMT
581,2025-09-03T05:00,17.3,3,85,0.0,0.0,0.0,20340.0,1011.9,34.125,74.75,1589.0,GMT
582,2025-09-03T06:00,17.1,80,88,0.1,0.3,0.0,4920.0,1011.7,34.125,74.75,1589.0,GMT
583,2025-09-03T07:00,17.2,61,93,0.3,0.0,0.0,4460.0,1011.6,34.125,74.75,1589.0,GMT
584,2025-09-03T08:00,16.9,63,100,2.2,0.3,0.0,6720.0,1011.1,34.125,74.75,1589.0,GMT
585,2025-09-03T09:00,17.0,61,98,2.3,0.0,0.0,8380.0,1011.1,34.125,74.75,1589.0,GMT
586,2025-09-03T10:00,17.2,61,98,0.7,0.0,0.0,24140.0,1011.1,34.125,74.75,1589.0,GMT
587,2025-09-03T11:00,17.3,80,98,0.1,0.2,0.0,24140.0,1010.7,34.125,74.75,1589.0,GMT
588,2025-09-03T12:00,17.5,80,93,0.4,0.6,0.0,24140.0,1011.0,34.125,74.75,1589.0,GMT
589,2025-09-03T13:00,17.0,61,98,0.6,0.4,0.0,24140.0,1011.1,34.125,74.75,1589.0,GMT
590,2025-09-03T14:00,16.7,61,83,1.2,0.8,0.0,24140.0,1012.0,34.125,74.75,1589.0,GMT
591,2025-09-03T15:00,16.5,61,55,1.1,0.5,0.0,24140.0,1012.5,34.125,74.75,1589.0,GMT
592,2025-09-03T16:00,16.4,80,40,0.3,1.0,0.0,24140.0,1012.7,34.125,74.75,1589.0,GMT
593,2025-09-03T17:00,16.5,95,35,0.0,1.1,0.0,24140.0,1012.8,34.125,74.75,1589.0,GMT
594,2025-09-03T18:00,16.0,80,38,0.0,0.5,0.0,24140.0,1013.4,34.125,74.75,1589.0,GMT
595,2025-09-03T19:00,15.9,2,38,0.0,0.0,0.0,24140.0,1013.6,34.125,74.75,1589.0,GMT
596,2025-09-03T20:00,15.8,2,48,0.0,0.0,0.0,24140.0,1013.4,34.125,74.75,1589.0,GMT
597,2025-09-03T21:00,14.8,2,48,0.0,0.0,0.0,24140.0,1013.1,34.125,74.75,1589.0,GMT
598,2025-09-03T22:00,14.7,2,53,0.0,0.0,0.0,24140.0,1013.2,34.125,74.75,1589.0,GMT
599,2025-09-03T23:00,14.5,2,43,0.0,0.0,0.0,24140.0,1013.2,34.125,74.75,1589.0,GMT
600,2025-09-04T00:00,14.5,2,23,0.0,0.0,0.0,24140.0,1013.7,34.125,74.75,1589.0,GMT
601,2025-09-04T01:00,14.6,3,0,0.0,0.0,0.0,24140.0,1013.4,34.125,74.75,1589.0,GMT
602,2025-09-04T02:00,15.3,3,3,0.0,0.0,0.0,24140.0,1013.8,34.125,74.75,1589.0,GMT
603,2025-09-04T03:00,17.2,3,0,0.0,0.0,0.0,24140.0,1014.4,34.125,74.75,1589.0,GMT
604,2025-09-04T04:00,18.6,3,0,0.0,0.0,0.0,24140.0,1014.2,34.125,74.75,1589.0,GMT
605,2025-09-04T05:00,19.6,3,10,0.0,0.0,0.0,24140.0,1013.5,34.125,74.75,1589.0,GMT
606,2025-09-04T06:00,21.0,2,23,0.0,0.0,0.0,24140.0,1012.4,34.125,74.75,1589.0,GMT
607,2025-09-04T07:00,21.9,2,35,0.0,0.0,0.0,24140.0,1011.4,34.125,74.75,1589.0,GMT
608,2025-09-04T08:00,22.9,2,53,0.0,0.0,0.0,24140.0,1010.5,34.125,74.75,1589.0,GMT
609,2025-09-04T09:00,23.6,2,78,0.0,0.0,0.0,24140.0,1009.4,34.125,74.75,1589.0,GMT
610,2025-09-04T10:00,24.4,1,83,0.0,0.0,0.0,24140.0,1008.7,34.125,74.75,1589.0,GMT
611,2025-09-04T11:00,24.6,0,70,0.0,0.0,0.0,24140.0,1008.0,34.125,74.75,1589.0,GMT
612,2025-09-04T12:00,24.8,1,58,0.0,0.0,0.0,24140.0,1007.7,34.125,74.75,1589.0,GMT
613,2025-09-04T13:00,23.4,0,55,0.0,0.0,0.0,24140.0,1007.9,34.125,74.75,1589.0,GMT
614,2025-09-04T14:00,21.5,0,18,0.0,0.0,0.0,24140.0,1008.3,34.125,74.75,1589.0,GMT
615,2025-09-04T15:00,19.9,0,0,0.0,0.0,0.0,24140.0,1009.4,34.125,74.75,1589.0,GMT
616,2025-09-04T16:00,18.0,0,3,0.0,0.0,0.0,24140.0,1009.9,34.125,74.75,1589.0,GMT
617,2025-09-04T17:00,17.1,1,3,0.0,0.0,0.0,24140.0,1010.2,34.125,74.75,1589.0,GMT
618,2025-09-04T18:00,15.8,1,0,0.0,0.0,0.0,24140.0,1011.1,34.125,74.75,1589.0,GMT
619,2025-09-04T19:00,15.1,1,0,0.0,0.0,0.0,24140.0,1010.9,34.125,74.75,1589.0,GMT
620,2025-09-04T20:00,14.6,1,5,0.0,0.0,0.0,24140.0,1011.0,34.125,74.75,1589.0,GMT
621,2025-09-04T21:00,14.4,1,8,0.0,0.0,0.0,24140.0,1011.0,34.125,74.75,1589.0,GMT
622,2025-09-04T22:00,14.2,2,3,0.0,0.0,0.0,23420.0,1011.4,34.125,74.75,1589.0,GMT
623,2025-09-04T23:00,14.4,2,3,0.0,0.0,0.0,23440.0,1011.2,34.125,74.75,1589.0,GMT
624,2025-09-05T00:00,14.7,2,5,0.0,0.0,0.0,24140.0,1011.8,34.125,74.75,1589.0,GMT
625,2025-09-05T01:00,14.9,2,0,0.0,0.0,0.0,24140.0,1011.8,34.125,74.75,1589.0,GMT
626,2025-09-05T02:00,16.2,2,0,0.0,0.0,0.0,24140.0,1012.3,34.125,74.75,1589.0,GMT
627,2025-09-05T03:00,20.1,1,0,0.0,0.0,0.0,24140.0,1012.8,34.125,74.75,1589.0,GMT
628,2025-09-05T04:00,22.0,2,0,0.0,0.0,0.0,24140.0,1012.8,34.125,74.75,1589.0,GMT
629,2025-09-05T05:00,23.0,2,5,0.0,0.0,0.0,24140.0,1012.2,34.125,74.75,1589.0,GMT
630,2025-09-05T06:00,23.4,2,13,0.0,0.0,0.0,24140.0,1012.1,34.125,74.75,1589.0,GMT
631,2025-09-05T07:00,24.5,1,20,0.0,0.0,0.0,24140.0,1010.8,34.125,74.75,1589.0,GMT
632,2025-09-05T08:00,25.4,0,40,0.0,0.0,0.0,24140.0,1010.0,34.125,74.75,1589.0,GMT
633,2025-09-05T09:00,26.3,0,70,0.0,0.0,0.0,24140.0,1008.9,34.125,74.75,1589.0,GMT
634,2025-09-05T10:00,26.7,1,55,0.0,0.0,0.0,24140.0,1008.0,34.125,74.75,1589.0,GMT
635,2025-09-05T11:00,26.5,0,43,0.0,0.0,0.0,24140.0,1007.0,34.125,74.75,1589.0,GMT
636,2025-09-05T12:00,25.9,0,28,0.0,0.0,0.0,24140.0,1007.2,34.125,74.75,1589.0,GMT
637,2025-09-05T13:00,24.6,0,13,0.0,0.0,0.0,24140.0,1006.7,34.125,74.75,1589.0,GMT
638,2025-09-05T14:00,22.6,0,0,0.0,0.0,0.0,17420.0,1007.2,34.125,74.75,1589.0,GMT
639,2025-09-05T15:00,19.9,0,0,0.0,0.0,0.0,24140.0,1007.5,34.125,74.75,1589.0,GMT
640,2025-09-05T16:00,18.8,0,0,0.0,0.0,0.0,24140.0,1007.7,34.125,74.75,1589.0,GMT
641,2025-09-05T17:00,17.9,0,0,0.0,0.0,0.0,11640.0,1007.7,34.125,74.75,1589.0,GMT
642,2025-09-05T18:00,18.1,0,0,0.0,0.0,0.0,24140.0,1009.4,34.125,74.75,1589.0,GMT
643,2025-09-05T19:00,17.5,0,0,0.0,0.0,0.0,24140.0,1009.9,34.125,74.75,1589.0,GMT
644,2025-09-05T20:00,16.6,1,0,0.0,0.0,0.0,24140.0,1009.9,34.125,74.75,1589.0,GMT
645,2025-09-05T21:00,15.8,2,0,0.0,0.0,0.0,24140.0,1009.9,34.125,74.75,1589.0,GMT
646,2025-09-05T22:00,15.5,2,0,0.0,0.0,0.0,24140.0,1009.8,34.125,74.75,1589.0,GMT
647,2025-09-05T23:00,15.6,1,0,0.0,0.0,0.0,24140.0,1009.6,34.125,74.75,1589.0,GMT
648,2025-09-06T00:00,15.9,1,0,0.0,0.0,0.0,24140.0,1010.6,34.125,74.75,1589.0,GMT
649,2025-09-06T01:00,15.9,2,3,0.0,0.0,0.0,24140.0,1010.9,34.125,74.75,1589.0,GMT
650,2025-09-06T02:00,17.1,2,3,0.0,0.0,0.0,24140.0,1011.4,34.125,74.75,1589.0,GMT
651,2025-09-06T03:00,20.5,2,8,0.0,0.0,0.0,24140.0,1011.6,34.125,74.75,1589.0,GMT
652,2025-09-06T04:00,22.9,2,15,0.0,0.0,0.0,24140.0,1011.8,34.125,74.75,1589.0,GMT
653,2025-09-06T05:00,23.5,2,18,0.0,0.0,0.0,24140.0,1011.3,34.125,74.75,1589.0,GMT
654,2025-09-06T06:00,24.3,2,20,0.0,0.0,0.0,24140.0,1010.9,34.125,74.75,1589.0,GMT
655,2025-09-06T07:00,25.3,2,23,0.0,0.0,0.0,24140.0,1010.1,34.125,74.75,1589.0,GMT
656,2025-09-06T08:00,26.2,2,25,0.0,0.0,0.0,24140.0,1008.9,34.125,74.75,1589.0,GMT
657,2025-09-06T09:00,27.1,1,43,0.0,0.0,0.0,24140.0,1007.9,34.125,74.75,1589.0,GMT
658,2025-09-06T10:00,27.3,1,70,0.0,0.0,0.0,24140.0,1006.8,34.125,74.75,1589.0,GMT
659,2025-09-06T11:00,27.2,1,63,0.0,0.0,0.0,24140.0,1005.7,34.125,74.75,1589.0,GMT
660,2025-09-06T12:00,27.1,0,15,0.0,0.0,0.0,24140.0,1005.4,34.125,74.75,1589.0,GMT
661,2025-09-06T13:00,25.4,0,3,0.0,0.0,0.0,24140.0,1005.5,34.125,74.75,1589.0,GMT
662,2025-09-06T14:00,23.1,0,0,0.0,0.0,0.0,24140.0,1006.3,34.125,74.75,1589.0,GMT
663,2025-09-06T15:00,20.3,0,0,0.0,0.0,0.0,24140.0,1007.5,34.125,74.75,1589.0,GMT
664,2025-09-06T16:00,19.1,0,0,0.0,0.0,0.0,24140.0,1007.8,34.125,74.75,1589.0,GMT
665,2025-09-06T17:00,18.5,1,0,0.0,0.0,0.0,24140.0,1007.9,34.125,74.75,1589.0,GMT
666,2025-09-06T18:00,18.1,1,0,0.0,0.1,0.0,11340.0,1009.6,34.125,74.75,1589.0,GMT
667,2025-09-06T19:00,18.3,80,8,0.0,0.5,0.0,12560.0,1010.3,34.125,74.75,1589.0,GMT
668,2025-09-06T20:00,17.2,1,8,0.0,0.0,0.0,24140.0,1010.5,34.125,74.75,1589.0,GMT
669,2025-09-06T21:00,16.8,1,8,0.0,0.0,0.0,9000.0,1010.2,34.125,74.75,1589.0,GMT
670,2025-09-06T22:00,16.0,2,10,0.0,0.0,0.0,24140.0,1009.6,34.125,74.75,1589.0,GMT
671,2025-09-06T23:00,16.4,80,18,0.0,0.2,0.0,24140.0,1010.2,34.125,74.75,1589.0,GMT
672,2025-09-07T00:00,15.9,80,18,0.0,0.3,0.0,14260.0,1011.2,34.125,74.75,1589.0,GMT
673,2025-09-07T01:00,15.9,2,0,0.0,0.0,0.0,24140.0,1011.3,34.125,74.75,1589.0,GMT
674,2025-09-07T02:00,16.7,2,0,0.0,0.0,0.0,24140.0,1011.5,34.125,74.75,1589.0,GMT
675,2025-09-07T03:00,19.7,2,3,0.0,0.0,0.0,24140.0,1011.8,34.125,74.75,1589.0,GMT
676,2025-09-07T04:00,20.9,2,3,0.0,0.0,0.0,24140.0,1011.9,34.125,74.75,1589.0,GMT
677,2025-09-07T05:00,21.4,2,35,0.0,0.0,0.0,24140.0,1011.1,34.125,74.75,1589.0,GMT
678,2025-09-07T06:00,21.9,2,53,0.0,0.0,0.0,24140.0,1010.9,34.125,74.75,1589.0,GMT
679,2025-09-07T07:00,22.7,3,63,0.0,0.0,0.0,24140.0,1009.9,34.125,74.75,1589.0,GMT
680,2025-09-07T08:00,23.2,3,80,0.0,0.0,0.0,24140.0,1009.6,34.125,74.75,1589.0,GMT
681,2025-09-07T09:00,23.5,3,88,0.0,0.0,0.0,23460.0,1008.7,34.125,74.75,1589.0,GMT
682,2025-09-07T10:00,23.4,3,85,0.0,0.0,0.0,24140.0,1008.3,34.125,74.75,1589.0,GMT
683,2025-09-07T11:00,22.9,3,73,0.0,0.0,0.0,23580.0,1007.4,34.125,74.75,1589.0,GMT
684,2025-09-07T12:00,20.4,3,63,0.0,0.0,0.0,23680.0,1010.3,34.125,74.75,1589.0,GMT
685,2025-09-07T13:00,20.2,3,68,0.0,0.0,0.0,24140.0,1009.8,34.125,74.75,1589.0,GMT
686,2025-09-07T14:00,19.4,3,48,0.0,0.0,0.0,23260.0,1010.5,34.125,74.75,1589.0,GMT
687,2025-09-07T15:00,18.7,3,35,0.0,0.0,0.0,24140.0,1010.8,34.125,74.75,1589.0,GMT
688,2025-09-07T16:00,18.3,3,30,0.0,0.0,0.0,24140.0,1010.7,34.125,74.75,1589.0,GMT
689,2025-09-07T17:00,17.9,3,25,0.0,0.0,0.0,24140.0,1010.3,34.125,74.75,1589.0,GMT
690,2025-09-07T18:00,16.6,3,25,0.0,0.0,0.0,24140.0,1012.2,34.125,74.75,1589.0,GMT
691,2025-09-07T19:00,16.4,2,28,0.0,0.0,0.0,24140.0,1011.4,34.125,74.75,1589.0,GMT
692,2025-09-07T20:00,16.4,2,33,0.0,0.0,0.0,24140.0,1011.2,34.125,74.75,1589.0,GMT
693,2025-09-07T21:00,16.3,2,28,0.0,0.0,0.0,23960.0,1010.9,34.125,74.75,1589.0,GMT
694,2025-09-07T22:00,16.3,3,15,0.0,0.0,0.0,21140.0,1010.8,34.125,74.75,1589.0,GMT
695,2025-09-07T23:00,16.4,3,20,0.0,0.0,0.0,24140.0,1010.6,34.125,74.75,1589.0,GMT
696,2025-09-08T00:00,16.0,3,18,0.0,0.0,0.0,24140.0,1011.0,34.125,74.75,1589.0,GMT
697,2025-09-08T01:00,15.9,2,18,0.0,0.0,0.0,24140.0,1011.3,34.125,74.75,1589.0,GMT
698,2025-09-08T02:00,16.3,3,20,0.0,0.0,0.0,24140.0,1011.4,34.125,74.75,1589.0,GMT
699,2025-09-08T03:00,18.0,2,15,0.0,0.0,0.0,24140.0,1012.2,34.125,74.75,1589.0,GMT
700,2025-09-08T04:00,19.2,2,10,0.0,0.0,0.0,24140.0,1012.6,34.125,74.75,1589.0,GMT
701,2025-09-08T05:00,20.4,3,13,0.0,0.0,0.0,24140.0,1012.4,34.125,74.75,1589.0,GMT
702,2025-09-08T06:00,20.2,3,10,0.0,0.0,0.0,24140.0,1012.9,34.125,74.75,1589.0,GMT
703,2025-09-08T07:00,20.3,3,20,0.0,0.0,0.0,24140.0,1012.6,34.125,74.75,1589.0,GMT
704,2025-09-08T08:00,20.6,3,43,0.0,0.0,0.0,24140.0,1012.6,34.125,74.75,1589.0,GMT
705,2025-09-08T09:00,20.6,3,55,0.0,0.0,0.0,15880.0,1012.1,34.125,74.75,1589.0,GMT
706,2025-09-08T10:00,20.6,3,55,0.0,0.0,0.0,16260.0,1011.5,34.125,74.75,1589.0,GMT
707,2025-09-08T11:00,20.7,3,55,0.0,0.0,0.0,24140.0,1010.9,34.125,74.75,1589.0,GMT
708,2025-09-08T12:00,20.0,3,48,0.0,0.0,0.0,24140.0,1012.0,34.125,74.75,1589.0,GMT
709,2025-09-08T13:00,19.2,3,18,0.0,0.0,0.0,24140.0,1011.7,34.125,74.75,1589.0,GMT
710,2025-09-08T14:00,18.6,3,15,0.0,0.0,0.0,24140.0,1012.2,34.125,74.75,1589.0,GMT
711,2025-09-08T15:00,18.3,3,15,0.0,0.0,0.0,23280.0,1012.7,34.125,74.75,1589.0,GMT
712,2025-09-08T16:00,17.1,3,15,0.0,0.0,0.0,23300.0,1012.6,34.125,74.75,1589.0,GMT
713,2025-09-08T17:00,16.3,3,13,0.0,0.0,0.0,24140.0,1012.6,34.125,74.75,1589.0,GMT
714,2025-09-08T18:00,16.1,3,18,0.0,0.0,0.0,17800.0,1013.3,34.125,74.75,1589.0,GMT
715,2025-09-08T19:00,15.8,3,23,0.0,0.0,0.0,12140.0,1013.2,34.125,74.75,1589.0,GMT
716,2025-09-08T20:00,15.9,3,28,0.0,0.0,0.0,23320.0,1013.3,34.125,74.75,1589.0,GMT
717,2025-09-08T21:00,15.9,3,33,0.0,0.0,0.0,23080.0,1013.2,34.125,74.75,1589.0,GMT
718,2025-09-08T22:00,15.9,3,25,0.0,0.0,0.0,16000.0,1013.3,34.125,74.75,1589.0,GMT
719,2025-09-08T23:00,15.5,3,18,0.0,0.0,0.0,22580.0,1012.9,34.125,74.75,1589.0,GMT
720,2025-09-09T00:00,15.8,3,15,0.0,0.0,0.0,24140.0,1012.7,34.125,74.75,1589.0,GMT
721,2025-09-09T01:00,15.3,3,25,0.0,0.0,0.0,24140.0,1012.7,34.125,74.75,1589.0,GMT
722,2025-09-09T02:00,15.9,3,25,0.0,0.0,0.0,24140.0,1013.1,34.125,74.75,1589.0,GMT
723,2025-09-09T03:00,17.9,3,25,0.0,0.0,0.0,24140.0,1013.6,34.125,74.75,1589.0,GMT
724,2025-09-09T04:00,19.8,3,23,0.0,0.0,0.0,24140.0,1013.9,34.125,74.75,1589.0,GMT
725,2025-09-09T05:00,20.1,3,18,0.0,0.0,0.0,24140.0,1013.8,34.125,74.75,1589.0,GMT
726,2025-09-09T06:00,21.5,3,15,0.0,0.0,0.0,24140.0,1013.5,34.125,74.75,1589.0,GMT
727,2025-09-09T07:00,21.9,3,13,0.0,0.0,0.0,24140.0,1013.4,34.125,74.75,1589.0,GMT
728,2025-09-09T08:00,22.6,2,13,0.0,0.0,0.0,23460.0,1012.7,34.125,74.75,1589.0,GMT
729,2025-09-09T09:00,23.3,2,23,0.0,0.0,0.0,23420.0,1011.8,34.125,74.75,1589.0,GMT
730,2025-09-09T10:00,23.7,1,33,0.0,0.0,0.0,24140.0,1010.9,34.125,74.75,1589.0,GMT
731,2025-09-09T11:00,23.4,1,25,0.0,0.0,0.0,24140.0,1010.2,34.125,74.75,1589.0,GMT
732,2025-09-09T12:00,23.5,0,28,0.0,0.0,0.0,24140.0,1009.9,34.125,74.75,1589.0,GMT
733,2025-09-09T13:00,22.0,0,18,0.0,0.0,0.0,24140.0,1009.9,34.125,74.75,1589.0,GMT
734,2025-09-09T14:00,20.5,1,3,0.0,0.0,0.0,7440.0,1010.9,34.125,74.75,1589.0,GMT
735,2025-09-09T15:00,19.8,1,0,0.0,0.0,0.0,12320.0,1011.5,34.125,74.75,1589.0,GMT
736,2025-09-09T16:00,18.3,1,0,0.0,0.0,0.0,24140.0,1011.9,34.125,74.75,1589.0,GMT
737,2025-09-09T17:00,17.4,1,0,0.0,0.0,0.0,24140.0,1011.8,34.125,74.75,1589.0,GMT
738,2025-09-09T18:00,17.1,1,0,0.0,0.0,0.0,24140.0,1011.4,34.125,74.75,1589.0,GMT
739,2025-09-09T19:00,16.3,0,0,0.0,0.0,0.0,24140.0,1011.8,34.125,74.75,1589.0,GMT
740,2025-09-09T20:00,15.5,0,0,0.0,0.0,0.0,24140.0,1011.4,34.125,74.75,1589.0,GMT
741,2025-09-09T21:00,15.0,0,0,0.0,0.0,0.0,24140.0,1011.4,34.125,74.75,1589.0,GMT
742,2025-09-09T22:00,14.6,0,0,0.0,0.0,0.0,24140.0,1010.7,34.125,74.75,1589.0,GMT
743,2025-09-09T23:00,14.2,1,0,0.0,0.0,0.0,24140.0,1011.2,34.125,74.75,1589.0,GMT
744,2025-09-10T00:00,14.1,1,0,0.0,0.0,0.0,24140.0,1011.3,34.125,74.75,1589.0,GMT
745,2025-09-10T01:00,14.0,2,0,0.0,0.0,0.0,24140.0,1011.8,34.125,74.75,1589.0,GMT
746,2025-09-10T02:00,15.4,2,0,0.0,0.0,0.0,24140.0,1012.1,34.125,74.75,1589.0,GMT
747,2025-09-10T03:00,19.2,1,0,0.0,0.0,0.0,24140.0,1013.0,34.125,74.75,1589.0,GMT
748,2025-09-10T04:00,20.5,0,0,0.0,0.0,0.0,24140.0,1012.8,34.125,74.75,1589.0,GMT
749,2025-09-10T05:00,21.7,1,0,0.0,0.0,0.0,24140.0,1012.3,34.125,74.75,1589.0,GMT
750,2025-09-10T06:00,23.0,1,0,0.0,0.0,0.0,24140.0,1011.8,34.125,74.75,1589.0,GMT
751,2025-09-10T07:00,24.3,1,0,0.0,0.0,0.0,24140.0,1010.8,34.125,74.75,1589.0,GMT
752,2025-09-10T08:00,25.3,0,0,0.0,0.0,0.0,24140.0,1009.3,34.125,74.75,1589.0,GMT
753,2025-09-10T09:00,26.2,0,0,0.0,0.0,0.0,24140.0,1008.1,34.125,74.75,1589.0,GMT
754,2025-09-10T10:00,26.6,0,0,0.0,0.0,0.0,24140.0,1006.8,34.125,74.75,1589.0,GMT
755,2025-09-10T11:00,26.6,0,0,0.0,0.0,0.0,24140.0,1006.2,34.125,74.75,1589.0,GMT
756,2025-09-10T12:00,26.4,0,0,0.0,0.0,0.0,24140.0,1005.6,34.125,74.75,1589.0,GMT
757,2025-09-10T13:00,24.5,0,0,0.0,0.0,0.0,24140.0,1005.8,34.125,74.75,1589.0,GMT
758,2025-09-10T14:00,23.5,0,0,0.0,0.0,0.0,24140.0,1006.4,34.125,74.75,1589.0,GMT
759,2025-09-10T15:00,20.3,1,0,0.0,0.0,0.0,24140.0,1007.1,34.125,74.75,1589.0,GMT
760,2025-09-10T16:00,19.3,2,0,0.0,0.0,0.0,24140.0,1007.3,34.125,74.75,1589.0,GMT
761,2025-09-10T17:00,18.4,2,0,0.0,0.0,0.0,24140.0,1007.2,34.125,74.75,1589.0,GMT
762,2025-09-10T18:00,17.2,2,0,0.0,0.0,0.0,24140.0,1006.5,34.125,74.75,1589.0,GMT
763,2025-09-10T19:00,16.3,2,0,0.0,0.0,0.0,24140.0,1006.6,34.125,74.75,1589.0,GMT
764,2025-09-10T20:00,15.6,2,0,0.0,0.0,0.0,24140.0,1007.1,34.125,74.75,1589.0,GMT
765,2025-09-10T21:00,15.3,2,0,0.0,0.0,0.0,24140.0,1006.8,34.125,74.75,1589.0,GMT
766,2025-09-10T22:00,14.9,2,0,0.0,0.0,0.0,24140.0,1007.0,34.125,74.75,1589.0,GMT
767,2025-09-10T23:00,14.7,2,0,0.0,0.0,0.0,24140.0,1006.6,34.125,74.75,1589.0,GMT
768,2025-09-11T00:00,14.6,2,0,0.0,0.0,0.0,24140.0,1007.1,34.125,74.75,1589.0,GMT
769,2025-09-11T01:00,14.4,1,0,0.0,0.0,0.0,24140.0,1007.5,34.125,74.75,1589.0,GMT
770,2025-09-11T02:00,15.8,1,0,0.0,0.0,0.0,24140.0,1008.3,34.125,74.75,1589.0,GMT
771,2025-09-11T03:00,19.8,1,0,0.0,0.0,0.0,24140.0,1009.0,34.125,74.75,1589.0,GMT
772,2025-09-11T04:00,21.7,0,0,0.0,0.0,0.0,24140.0,1009.2,34.125,74.75,1589.0,GMT
773,2025-09-11T05:00,22.9,0,0,0.0,0.0,0.0,24140.0,1008.9,34.125,74.75,1589.0,GMT
774,2025-09-11T06:00,24.9,0,0,0.0,0.0,0.0,24140.0,1007.6,34.125,74.75,1589.0,GMT
775,2025-09-11T07:00,26.3,0,0,0.0,0.0,0.0,24140.0,1006.9,34.125,74.75,1589.0,GMT
776,2025-09-11T08:00,27.3,0,0,0.0,0.0,0.0,24140.0,1005.5,34.125,74.75,1589.0,GMT
777,2025-09-11T09:00,28.1,0,0,0.0,0.0,0.0,24140.0,1004.9,34.125,74.75,1589.0,GMT
778,2025-09-11T10:00,28.3,0,0,0.0,0.0,0.0,24140.0,1004.1,34.125,74.75,1589.0,GMT
779,2025-09-11T11:00,28.1,1,0,0.0,0.0,0.0,24140.0,1004.1,34.125,74.75,1589.0,GMT
780,2025-09-11T12:00,28.1,0,0,0.0,0.0,0.0,24140.0,1003.6,34.125,74.75,1589.0,GMT
781,2025-09-11T13:00,27.1,0,0,0.0,0.0,0.0,24140.0,1004.0,34.125,74.75,1589.0,GMT
782,2025-09-11T14:00,24.7,0,0,0.0,0.0,0.0,24140.0,1005.1,34.125,74.75,1589.0,GMT
783,2025-09-11T15:00,21.4,2,0,0.0,0.0,0.0,24140.0,1006.4,34.125,74.75,1589.0,GMT
784,2025-09-11T16:00,20.2,2,0,0.0,0.0,0.0,24140.0,1007.0,34.125,74.75,1589.0,GMT
785,2025-09-11T17:00,19.1,2,0,0.0,0.0,0.0,24140.0,1007.3,34.125,74.75,1589.0,GMT
786,2025-09-11T18:00,18.7,2,0,0.0,0.0,0.0,24140.0,1006.7,34.125,74.75,1589.0,GMT
787,2025-09-11T19:00,18.0,2,0,0.0,0.0,0.0,24140.0,1006.9,34.125,74.75,1589.0,GMT
788,2025-09-11T20:00,17.5,2,0,0.0,0.0,0.0,24140.0,1006.7,34.125,74.75,1589.0,GMT
789,2025-09-11T21:00,17.0,2,0,0.0,0.0,0.0,24140.0,1006.8,34.125,74.75,1589.0,GMT
790,2025-09-11T22:00,16.5,2,0,0.0,0.0,0.0,24140.0,1007.0,34.125,74.75,1589.0,GMT
791,2025-09-11T23:00,16.4,2,0,0.0,0.0,0.0,24140.0,1007.5,34.125,74.75,1589.0,GMT
792,2025-09-12T00:00,16.7,2,0,0.0,0.0,0.0,24140.0,1008.0,34.125,74.75,1589.0,GMT
793,2025-09-12T01:00,16.4,2,0,0.0,0.0,0.0,24140.0,1008.6,34.125,74.75,1589.0,GMT
794,2025-09-12T02:00,17.7,2,0,0.0,0.0,0.0,24140.0,1009.1,34.125,74.75,1589.0,GMT
795,2025-09-12T03:00,21.3,3,0,0.0,0.0,0.0,24140.0,1009.8,34.125,74.75,1589.0,GMT
796,2025-09-12T04:00,23.5,2,0,0.0,0.0,0.0,24140.0,1010.6,34.125,74.75,1589.0,GMT
797,2025-09-12T05:00,24.5,2,0,0.0,0.0,0.0,24140.0,1010.4,34.125,74.75,1589.0,GMT
798,2025-09-12T06:00,25.9,1,0,0.0,0.0,0.0,24140.0,1009.3,34.125,74.75,1589.0,GMT
799,2025-09-12T07:00,27.0,0,0,0.0,0.0,0.0,24140.0,1008.4,34.125,74.75,1589.0,GMT
800,2025-09-12T08:00,28.1,0,0,0.0,0.0,0.0,24140.0,1007.6,34.125,74.75,1589.0,GMT
801,2025-09-12T09:00,28.8,0,0,0.0,0.0,0.0,24140.0,1006.5,34.125,74.75,1589.0,GMT
802,2025-09-12T10:00,29.4,0,0,0.0,0.0,0.0,24140.0,1005.5,34.125,74.75,1589.0,GMT
803,2025-09-12T11:00,29.2,0,0,0.0,0.0,0.0,24140.0,1004.8,34.125,74.75,1589.0,GMT
804,2025-09-12T12:00,28.2,0,0,0.0,0.0,0.0,24140.0,1005.3,34.125,74.75,1589.0,GMT
805,2025-09-12T13:00,26.1,0,0,0.0,0.0,0.0,24140.0,1005.8,34.125,74.75,1589.0,GMT
806,2025-09-12T14:00,23.5,0,0,0.0,0.0,0.0,24140.0,1006.6,34.125,74.75,1589.0,GMT
807,2025-09-12T15:00,21.2,0,0,0.0,0.0,0.0,24140.0,1007.9,34.125,74.75,1589.0,GMT
808,2025-09-12T16:00,19.9,1,0,0.0,0.0,0.0,24140.0,1008.0,34.125,74.75,1589.0,GMT
809,2025-09-12T17:00,19.0,2,0,0.0,0.0,0.0,24140.0,1008.1,34.125,74.75,1589.0,GMT
810,2025-09-12T18:00,18.1,2,0,0.0,0.0,0.0,24140.0,1008.1,34.125,74.75,1589.0,GMT
811,2025-09-12T19:00,17.4,2,0,0.0,0.0,0.0,24140.0,1008.4,34.125,74.75,1589.0,GMT
812,2025-09-12T20:00,16.8,1,0,0.0,0.0,0.0,24140.0,1008.6,34.125,74.75,1589.0,GMT
813,2025-09-12T21:00,16.4,1,0,0.0,0.0,0.0,24140.0,1008.7,34.125,74.75,1589.0,GMT
814,2025-09-12T22:00,15.9,0,0,0.0,0.0,0.0,24140.0,1009.0,34.125,74.75,1589.0,GMT
815,2025-09-12T23:00,15.5,0,0,0.0,0.0,0.0,24140.0,1009.3,34.125,74.75,1589.0,GMT
816,2025-09-13T00:00,15.4,1,0,0.0,0.0,0.0,24140.0,1008.9,34.125,74.75,1589.0,GMT
817,2025-09-13T01:00,15.4,2,0,0.0,0.0,0.0,24140.0,1009.9,34.125,74.75,1589.0,GMT
818,2025-09-13T02:00,16.9,2,0,0.0,0.0,0.0,24140.0,1010.5,34.125,74.75,1589.0,GMT
819,2025-09-13T03:00,21.0,2,0,0.0,0.0,0.0,24140.0,1011.0,34.125,74.75,1589.0,GMT
820,2025-09-13T04:00,23.9,1,0,0.0,0.0,0.0,24140.0,1011.4,34.125,74.75,1589.0,GMT
821,2025-09-13T05:00,25.0,0,0,0.0,0.0,0.0,24140.0,1011.3,34.125,74.75,1589.0,GMT
822,2025-09-13T06:00,26.1,0,0,0.0,0.0,0.0,24140.0,1010.3,34.125,74.75,1589.0,GMT
823,2025-09-13T07:00,27.1,0,3,0.0,0.0,0.0,24140.0,1009.3,34.125,74.75,1589.0,GMT
824,2025-09-13T08:00,28.4,0,8,0.0,0.0,0.0,24140.0,1008.2,34.125,74.75,1589.0,GMT
825,2025-09-13T09:00,29.3,0,8,0.0,0.0,0.0,24140.0,1006.9,34.125,74.75,1589.0,GMT
826,2025-09-13T10:00,29.5,0,10,0.0,0.0,0.0,24140.0,1006.0,34.125,74.75,1589.0,GMT
827,2025-09-13T11:00,29.2,0,3,0.0,0.0,0.0,24140.0,1004.9,34.125,74.75,1589.0,GMT
828,2025-09-13T12:00,29.2,0,0,0.0,0.0,0.0,24140.0,1005.1,34.125,74.75,1589.0,GMT
829,2025-09-13T13:00,26.9,0,3,0.0,0.0,0.0,24140.0,1005.1,34.125,74.75,1589.0,GMT
830,2025-09-13T14:00,24.3,0,0,0.0,0.0,0.0,24140.0,1006.3,34.125,74.75,1589.0,GMT
831,2025-09-13T15:00,22.3,2,0,0.0,0.0,0.0,24140.0,1007.2,34.125,74.75,1589.0,GMT
832,2025-09-13T16:00,20.5,2,0,0.0,0.0,0.0,24140.0,1007.6,34.125,74.75,1589.0,GMT
833,2025-09-13T17:00,20.0,2,0,0.0,0.0,0.0,24140.0,1007.9,34.125,74.75,1589.0,GMT
834,2025-09-13T18:00,19.5,2,0,0.0,0.0,0.0,24140.0,1008.1,34.125,74.75,1589.0,GMT
835,2025-09-13T19:00,18.7,2,0,0.0,0.0,0.0,24140.0,1008.4,34.125,74.75,1589.0,GMT
836,2025-09-13T20:00,17.9,2,0,0.0,0.0,0.0,24140.0,1008.4,34.125,74.75,1589.0,GMT
837,2025-09-13T21:00,17.4,2,0,0.0,0.0,0.0,24140.0,1008.7,34.125,74.75,1589.0,GMT
838,2025-09-13T22:00,16.8,2,0,0.0,0.0,0.0,24140.0,1008.7,34.125,74.75,1589.0,GMT
839,2025-09-13T23:00,16.3,2,0,0.0,0.0,0.0,24140.0,1009.0,34.125,74.75,1589.0,GMT
840,2025-09-14T00:00,16.1,1,0,0.0,0.0,0.0,24140.0,1008.6,34.125,74.75,1589.0,GMT
841,2025-09-14T01:00,15.7,0,0,0.0,0.0,0.0,24140.0,1009.6,34.125,74.75,1589.0,GMT
842,2025-09-14T02:00,17.0,0,0,0.0,0.0,0.0,24140.0,1009.9,34.125,74.75,1589.0,GMT
843,2025-09-14T03:00,21.3,0,0,0.0,0.0,0.0,24140.0,1010.6,34.125,74.75,1589.0,GMT
844,2025-09-14T04:00,24.3,0,0,0.0,0.0,0.0,24140.0,1011.0,34.125,74.75,1589.0,GMT
845,2025-09-14T05:00,25.2,0,0,0.0,0.0,0.0,24140.0,1010.8,34.125,74.75,1589.0,GMT
846,2025-09-14T06:00,26.4,0,0,0.0,0.0,0.0,24140.0,1009.2,34.125,74.75,1589.0,GMT
847,2025-09-14T07:00,27.7,0,0,0.0,0.0,0.0,24140.0,1008.1,34.125,74.75,1589.0,GMT
848,2025-09-14T08:00,28.8,0,0,0.0,0.0,0.0,24140.0,1006.9,34.125,74.75,1589.0,GMT
849,2025-09-14T09:00,29.7,0,0,0.0,0.0,0.0,24140.0,1005.8,34.125,74.75,1589.0,GMT
850,2025-09-14T10:00,29.9,0,0,0.0,0.0,0.0,24140.0,1004.8,34.125,74.75,1589.0,GMT
851,2025-09-14T11:00,29.6,1,0,0.0,0.0,0.0,24140.0,1004.4,34.125,74.75,1589.0,GMT
852,2025-09-14T12:00,29.1,0,0,0.0,0.0,0.0,24140.0,1004.2,34.125,74.75,1589.0,GMT
853,2025-09-14T13:00,26.6,0,0,0.0,0.0,0.0,24140.0,1004.7,34.125,74.75,1589.0,GMT
854,2025-09-14T14:00,24.5,0,0,0.0,0.0,0.0,24140.0,1005.7,34.125,74.75,1589.0,GMT
855,2025-09-14T15:00,22.5,1,0,0.0,0.0,0.0,24140.0,1006.7,34.125,74.75,1589.0,GMT
856,2025-09-14T16:00,21.0,2,0,0.0,0.0,0.0,24140.0,1007.2,34.125,74.75,1589.0,GMT
857,2025-09-14T17:00,20.3,2,0,0.0,0.0,0.0,24140.0,1007.5,34.125,74.75,1589.0,GMT
858,2025-09-14T18:00,20.1,2,0,0.0,0.0,0.0,24140.0,1007.4,34.125,74.75,1589.0,GMT
859,2025-09-14T19:00,19.6,2,0,0.0,0.0,0.0,24140.0,1007.4,34.125,74.75,1589.0,GMT
860,2025-09-14T20:00,18.5,2,0,0.0,0.0,0.0,24140.0,1007.2,34.125,74.75,1589.0,GMT
861,2025-09-14T21:00,18.0,2,0,0.0,0.0,0.0,24140.0,1007.2,34.125,74.75,1589.0,GMT
862,2025-09-14T22:00,17.5,2,0,0.0,0.0,0.0,24140.0,1007.4,34.125,74.75,1589.0,GMT
863,2025-09-14T23:00,17.4,2,0,0.0,0.0,0.0,24140.0,1007.6,34.125,74.75,1589.0,GMT
864,2025-09-15T00:00,16.0,2,0,0.0,0.0,0.0,24140.0,1007.4,34.125,74.75,1589.0,GMT
865,2025-09-15T01:00,15.4,1,0,0.0,0.0,0.0,24140.0,1007.8,34.125,74.75,1589.0,GMT
866,2025-09-15T02:00,16.7,1,0,0.0,0.0,0.0,24140.0,1008.5,34.125,74.75,1589.0,GMT
867,2025-09-15T03:00,21.1,1,0,0.0,0.0,0.0,24140.0,1009.0,34.125,74.75,1589.0,GMT
868,2025-09-15T04:00,24.0,0,0,0.0,0.0,0.0,24140.0,1009.1,34.125,74.75,1589.0,GMT
869,2025-09-15T05:00,25.1,0,0,0.0,0.0,0.0,24140.0,1008.3,34.125,74.75,1589.0,GMT
870,2025-09-15T06:00,27.0,0,0,0.0,0.0,0.0,24140.0,1006.0,34.125,74.75,1589.0,GMT
871,2025-09-15T07:00,28.4,0,0,0.0,0.0,0.0,24140.0,1004.8,34.125,74.75,1589.0,GMT
872,2025-09-15T08:00,29.6,0,0,0.0,0.0,0.0,24140.0,1003.6,34.125,74.75,1589.0,GMT
873,2025-09-15T09:00,30.1,0,0,0.0,0.0,0.0,24140.0,1002.4,34.125,74.75,1589.0,GMT
874,2025-09-15T10:00,30.4,0,0,0.0,0.0,0.0,24140.0,1001.6,34.125,74.75,1589.0,GMT
875,2025-09-15T11:00,30.3,1,0,0.0,0.0,0.0,24140.0,1000.8,34.125,74.75,1589.0,GMT
876,2025-09-15T12:00,29.2,1,0,0.0,0.0,0.0,24140.0,1001.1,34.125,74.75,1589.0,GMT
877,2025-09-15T13:00,27.3,0,0,0.0,0.0,0.0,24140.0,1001.7,34.125,74.75,1589.0,GMT
878,2025-09-15T14:00,24.4,0,0,0.0,0.0,0.0,24140.0,1002.8,34.125,74.75,1589.0,GMT
879,2025-09-15T15:00,21.9,0,0,0.0,0.0,0.0,24140.0,1004.2,34.125,74.75,1589.0,GMT
880,2025-09-15T16:00,19.5,0,0,0.0,0.0,0.0,24140.0,1004.7,34.125,74.75,1589.0,GMT
881,2025-09-15T17:00,17.7,0,0,0.0,0.0,0.0,24140.0,1005.4,34.125,74.75,1589.0,GMT
882,2025-09-15T18:00,16.4,0,0,0.0,0.0,0.0,24140.0,1005.6,34.125,74.75,1589.0,GMT
883,2025-09-15T19:00,15.4,1,0,0.0,0.0,0.0,24140.0,1005.8,34.125,74.75,1589.0,GMT
884,2025-09-15T20:00,15.0,0,0,0.0,0.0,0.0,24140.0,1005.8,34.125,74.75,1589.0,GMT
885,2025-09-15T21:00,14.7,0,0,0.0,0.0,0.0,24140.0,1005.4,34.125,74.75,1589.0,GMT
886,2025-09-15T22:00,14.5,3,5,0.0,0.0,0.0,24140.0,1005.7,34.125,74.75,1589.0,GMT
887,2025-09-15T23:00,14.5,3,5,0.0,0.0,0.0,24140.0,1006.2,34.125,74.75,1589.0,GMT
888,2025-09-16T00:00,14.8,1,0,0.0,0.0,0.0,24140.0,1006.3,34.125,74.75,1589.0,GMT
889,2025-09-16T01:00,14.6,1,0,0.0,0.0,0.0,16340.0,1006.8,34.125,74.75,1589.0,GMT
890,2025-09-16T02:00,15.7,1,0,0.0,0.0,0.0,12440.0,1007.6,34.125,74.75,1589.0,GMT
891,2025-09-16T03:00,20.0,1,0,0.0,0.0,0.0,14960.0,1007.9,34.125,74.75,1589.0,GMT
892,2025-09-16T04:00,23.2,0,0,0.0,0.0,0.0,23440.0,1009.3,34.125,74.75,1589.0,GMT
893,2025-09-16T05:00,23.8,0,0,0.0,0.0,0.0,24140.0,1009.0,34.125,74.75,1589.0,GMT
894,2025-09-16T06:00,26.2,0,8,0.0,0.0,0.0,24140.0,1007.7,34.125,74.75,1589.0,GMT
895,2025-09-16T07:00,27.5,0,30,0.0,0.0,0.0,24140.0,1006.6,34.125,74.75,1589.0,GMT
896,2025-09-16T08:00,28.2,0,45,0.0,0.0,0.0,24140.0,1005.7,34.125,74.75,1589.0,GMT
897,2025-09-16T09:00,28.5,1,53,0.0,0.0,0.0,24140.0,1004.6,34.125,74.75,1589.0,GMT
898,2025-09-16T10:00,28.5,1,43,0.0,0.0,0.0,24140.0,1004.0,34.125,74.75,1589.0,GMT
899,2025-09-16T11:00,28.2,2,23,0.0,0.0,0.0,24140.0,1003.7,34.125,74.75,1589.0,GMT
900,2025-09-16T12:00,27.8,2,13,0.0,0.1,0.0,24140.0,1003.8,34.125,74.75,1589.0,GMT
901,2025-09-16T13:00,24.8,0,0,0.0,0.0,0.0,24140.0,1004.1,34.125,74.75,1589.0,GMT
902,2025-09-16T14:00,21.6,1,0,0.0,0.0,0.0,24140.0,1005.2,34.125,74.75,1589.0,GMT
903,2025-09-16T15:00,19.8,1,0,0.0,0.0,0.0,24140.0,1006.2,34.125,74.75,1589.0,GMT
904,2025-09-16T16:00,18.7,2,0,0.0,0.0,0.0,24140.0,1007.0,34.125,74.75,1589.0,GMT
905,2025-09-16T17:00,17.8,1,0,0.0,0.0,0.0,24140.0,1007.4,34.125,74.75,1589.0,GMT
906,2025-09-16T18:00,17.8,2,0,0.0,0.0,0.0,24140.0,1007.9,34.125,74.75,1589.0,GMT
907,2025-09-16T19:00,17.4,2,0,0.0,0.0,0.0,24140.0,1008.2,34.125,74.75,1589.0,GMT
908,2025-09-16T20:00,16.8,2,0,0.0,0.0,0.0,24140.0,1008.6,34.125,74.75,1589.0,GMT
909,2025-09-16T21:00,16.0,1,0,0.0,0.0,0.0,24140.0,1008.6,34.125,74.75,1589.0,GMT
910,2025-09-16T22:00,15.0,0,0,0.0,0.0,0.0,24140.0,1009.0,34.125,74.75,1589.0,GMT
911,2025-09-16T23:00,14.2,0,0,0.0,0.0,0.0,24140.0,1009.3,34.125,74.75,1589.0,GMT
912,2025-09-17T00:00,14.2,0,0,0.0,0.0,0.0,24140.0,1009.2,34.125,74.75,1589.0,GMT
913,2025-09-17T01:00,13.9,1,0,0.0,0.0,0.0,24140.0,1009.9,34.125,74.75,1589.0,GMT
914,2025-09-17T02:00,15.3,0,0,0.0,0.0,0.0,24140.0,1010.2,34.125,74.75,1589.0,GMT
915,2025-09-17T03:00,19.7,0,0,0.0,0.0,0.0,24140.0,1010.6,34.125,74.75,1589.0,GMT
916,2025-09-17T04:00,23.5,0,0,0.0,0.0,0.0,24140.0,1011.2,34.125,74.75,1589.0,GMT
917,2025-09-17T05:00,24.5,0,0,0.0,0.0,0.0,24140.0,1010.9,34.125,74.75,1589.0,GMT
918,2025-09-17T06:00,25.7,0,0,0.0,0.0,0.0,24140.0,1009.9,34.125,74.75,1589.0,GMT
919,2025-09-17T07:00,27.0,0,0,0.0,0.0,0.0,24140.0,1008.5,34.125,74.75,1589.0,GMT
920,2025-09-17T08:00,28.1,0,0,0.0,0.0,0.0,24140.0,1007.4,34.125,74.75,1589.0,GMT
921,2025-09-17T09:00,28.9,0,0,0.0,0.0,0.0,24140.0,1006.0,34.125,74.75,1589.0,GMT
922,2025-09-17T10:00,29.0,0,0,0.0,0.0,0.0,24140.0,1005.3,34.125,74.75,1589.0,GMT
923,2025-09-17T11:00,28.7,0,0,0.0,0.0,0.0,24140.0,1004.6,34.125,74.75,1589.0,GMT
924,2025-09-17T12:00,27.2,0,3,0.0,0.0,0.0,24140.0,1004.6,34.125,74.75,1589.0,GMT
925,2025-09-17T13:00,26.1,0,0,0.0,0.0,0.0,24140.0,1005.0,34.125,74.75,1589.0,GMT
926,2025-09-17T14:00,23.0,0,0,0.0,0.0,0.0,24140.0,1005.5,34.125,74.75,1589.0,GMT
927,2025-09-17T15:00,18.8,0,0,0.0,0.0,0.0,24140.0,1006.8,34.125,74.75,1589.0,GMT
928,2025-09-17T16:00,17.1,0,0,0.0,0.0,0.0,24140.0,1007.0,34.125,74.75,1589.0,GMT
929,2025-09-17T17:00,15.8,0,0,0.0,0.0,0.0,24140.0,1007.5,34.125,74.75,1589.0,GMT
930,2025-09-17T18:00,15.5,0,0,0.0,0.0,0.0,24140.0,1007.8,34.125,74.75,1589.0,GMT
931,2025-09-17T19:00,14.9,0,0,0.0,0.0,0.0,24140.0,1008.5,34.125,74.75,1589.0,GMT
932,2025-09-17T20:00,14.4,0,0,0.0,0.0,0.0,24140.0,1008.7,34.125,74.75,1589.0,GMT
933,2025-09-17T21:00,13.9,0,0,0.0,0.0,0.0,24140.0,1008.8,34.125,74.75,1589.0,GMT
934,2025-09-17T22:00,13.4,0,0,0.0,0.0,0.0,24140.0,1009.0,34.125,74.75,1589.0,GMT
935,2025-09-17T23:00,13.1,0,0,0.0,0.0,0.0,24140.0,1009.1,34.125,74.75,1589.0,GMT
936,2025-09-18T00:00,13.4,0,0,0.0,0.0,0.0,24140.0,1008.4,34.125,74.75,1589.0,GMT
937,2025-09-18T01:00,13.1,0,0,0.0,0.0,0.0,24140.0,1008.8,34.125,74.75,1589.0,GMT
938,2025-09-18T02:00,14.7,3,0,0.0,0.0,0.0,24140.0,1009.4,34.125,74.75,1589.0,GMT
939,2025-09-18T03:00,19.2,3,0,0.0,0.0,0.0,24140.0,1010.1,34.125,74.75,1589.0,GMT
940,2025-09-18T04:00,22.1,3,3,0.0,0.0,0.0,24140.0,1010.6,34.125,74.75,1589.0,GMT
941,2025-09-18T05:00,23.3,0,5,0.0,0.0,0.0,24140.0,1010.6,34.125,74.75,1589.0,GMT
942,2025-09-18T06:00,23.7,0,5,0.0,0.0,0.0,24140.0,1010.0,34.125,74.75,1589.0,GMT
943,2025-09-18T07:00,25.0,0,10,0.0,0.0,0.0,24140.0,1008.9,34.125,74.75,1589.0,GMT
944,2025-09-18T08:00,25.9,1,25,0.0,0.0,0.0,24140.0,1008.0,34.125,74.75,1589.0,GMT
945,2025-09-18T09:00,26.6,1,50,0.0,0.0,0.0,24140.0,1006.9,34.125,74.75,1589.0,GMT
946,2025-09-18T10:00,26.6,1,65,0.0,0.0,0.0,24140.0,1006.0,34.125,74.75,1589.0,GMT
947,2025-09-18T11:00,25.8,2,75,0.0,0.0,0.0,24140.0,1005.5,34.125,74.75,1589.0,GMT
948,2025-09-18T12:00,24.9,2,70,0.0,0.0,0.0,24140.0,1005.7,34.125,74.75,1589.0,GMT
949,2025-09-18T13:00,23.2,2,30,0.0,0.0,0.0,24140.0,1006.5,34.125,74.75,1589.0,GMT
950,2025-09-18T14:00,20.6,2,8,0.0,0.0,0.0,24140.0,1007.8,34.125,74.75,1589.0,GMT
951,2025-09-18T15:00,18.4,2,0,0.0,0.0,0.0,24140.0,1008.7,34.125,74.75,1589.0,GMT
952,2025-09-18T16:00,17.8,2,0,0.0,0.0,0.0,24140.0,1009.2,34.125,74.75,1589.0,GMT
953,2025-09-18T17:00,17.3,2,0,0.0,0.0,0.0,24140.0,1009.5,34.125,74.75,1589.0,GMT
954,2025-09-18T18:00,16.2,1,0,0.0,0.0,0.0,24140.0,1010.0,34.125,74.75,1589.0,GMT
955,2025-09-18T19:00,15.5,2,0,0.0,0.0,0.0,24140.0,1010.3,34.125,74.75,1589.0,GMT
956,2025-09-18T20:00,15.0,1,0,0.0,0.0,0.0,24140.0,1010.4,34.125,74.75,1589.0,GMT
957,2025-09-18T21:00,14.1,0,0,0.0,0.0,0.0,24140.0,1010.3,34.125,74.75,1589.0,GMT
958,2025-09-18T22:00,13.2,0,3,0.0,0.0,0.0,24140.0,1009.8,34.125,74.75,1589.0,GMT
959,2025-09-18T23:00,12.5,0,0,0.0,0.0,0.0,24140.0,1009.8,34.125,74.75,1589.0,GMT
960,2025-09-19T00:00,12.3,0,0,0.0,0.0,0.0,24140.0,1010.3,34.125,74.75,1589.0,GMT
961,2025-09-19T01:00,11.8,1,0,0.0,0.0,0.0,24140.0,1011.0,34.125,74.75,1589.0,GMT
962,2025-09-19T02:00,13.2,0,0,0.0,0.0,0.0,24140.0,1011.9,34.125,74.75,1589.0,GMT
963,2025-09-19T03:00,18.0,0,0,0.0,0.0,0.0,24140.0,1012.7,34.125,74.75,1589.0,GMT
964,2025-09-19T04:00,21.1,0,0,0.0,0.0,0.0,24140.0,1013.2,34.125,74.75,1589.0,GMT
965,2025-09-19T05:00,22.3,0,0,0.0,0.0,0.0,24140.0,1012.5,34.125,74.75,1589.0,GMT
966,2025-09-19T06:00,23.8,0,0,0.0,0.0,0.0,24140.0,1011.8,34.125,74.75,1589.0,GMT
967,2025-09-19T07:00,24.7,0,0,0.0,0.0,0.0,24140.0,1010.5,34.125,74.75,1589.0,GMT
968,2025-09-19T08:00,25.9,0,8,0.0,0.0,0.0,24140.0,1009.7,34.125,74.75,1589.0,GMT
969,2025-09-19T09:00,26.5,0,15,0.0,0.0,0.0,24140.0,1008.4,34.125,74.75,1589.0,GMT
970,2025-09-19T10:00,26.5,0,33,0.0,0.0,0.0,24140.0,1007.5,34.125,74.75,1589.0,GMT
971,2025-09-19T11:00,26.1,0,35,0.0,0.0,0.0,24140.0,1006.8,34.125,74.75,1589.0,GMT
972,2025-09-19T12:00,25.9,0,35,0.0,0.0,0.0,24140.0,1006.0,34.125,74.75,1589.0,GMT
973,2025-09-19T13:00,22.9,0,0,0.0,0.0,0.0,24140.0,1006.9,34.125,74.75,1589.0,GMT
974,2025-09-19T14:00,20.1,0,0,0.0,0.0,0.0,24140.0,1007.8,34.125,74.75,1589.0,GMT
975,2025-09-19T15:00,18.1,0,0,0.0,0.0,0.0,24140.0,1008.8,34.125,74.75,1589.0,GMT
976,2025-09-19T16:00,16.7,0,0,0.0,0.0,0.0,24140.0,1009.1,34.125,74.75,1589.0,GMT
977,2025-09-19T17:00,15.6,0,0,0.0,0.0,0.0,24140.0,1009.4,34.125,74.75,1589.0,GMT
978,2025-09-19T18:00,15.6,0,0,0.0,0.0,0.0,24140.0,1010.0,34.125,74.75,1589.0,GMT
979,2025-09-19T19:00,15.5,2,0,0.0,0.0,0.0,24140.0,1010.0,34.125,74.75,1589.0,GMT
980,2025-09-19T20:00,14.9,1,0,0.0,0.0,0.0,24140.0,1010.2,34.125,74.75,1589.0,GMT
981,2025-09-19T21:00,13.8,0,0,0.0,0.0,0.0,24140.0,1010.1,34.125,74.75,1589.0,GMT
982,2025-09-19T22:00,13.1,0,0,0.0,0.0,0.0,24140.0,1010.1,34.125,74.75,1589.0,GMT
983,2025-09-19T23:00,12.6,0,0,0.0,0.0,0.0,24140.0,1010.2,34.125,74.75,1589.0,GMT
984,2025-09-20T00:00,12.5,0,0,0.0,0.0,0.0,24140.0,1010.6,34.125,74.75,1589.0,GMT
985,2025-09-20T01:00,12.2,0,0,0.0,0.0,0.0,24140.0,1011.3,34.125,74.75,1589.0,GMT
986,2025-09-20T02:00,13.6,0,0,0.0,0.0,0.0,24140.0,1011.7,34.125,74.75,1589.0,GMT
987,2025-09-20T03:00,18.1,0,0,0.0,0.0,0.0,24140.0,1012.6,34.125,74.75,1589.0,GMT
988,2025-09-20T04:00,21.1,0,0,0.0,0.0,0.0,24140.0,1013.0,34.125,74.75,1589.0,GMT
989,2025-09-20T05:00,22.3,0,0,0.0,0.0,0.0,24140.0,1012.4,34.125,74.75,1589.0,GMT
990,2025-09-20T06:00,23.7,0,0,0.0,0.0,0.0,24140.0,1011.4,34.125,74.75,1589.0,GMT
991,2025-09-20T07:00,25.0,0,0,0.0,0.0,0.0,24140.0,1010.1,34.125,74.75,1589.0,GMT
992,2025-09-20T08:00,26.2,0,0,0.0,0.0,0.0,24140.0,1009.0,34.125,74.75,1589.0,GMT
993,2025-09-20T09:00,27.0,0,0,0.0,0.0,0.0,24140.0,1007.9,34.125,74.75,1589.0,GMT
994,2025-09-20T10:00,27.3,0,0,0.0,0.0,0.0,24140.0,1007.1,34.125,74.75,1589.0,GMT
995,2025-09-20T11:00,26.9,0,0,0.0,0.0,0.0,24140.0,1006.5,34.125,74.75,1589.0,GMT
996,2025-09-20T12:00,26.5,0,0,0.0,0.0,0.0,24140.0,1006.3,34.125,74.75,1589.0,GMT
997,2025-09-20T13:00,23.7,0,0,0.0,0.0,0.0,24140.0,1006.7,34.125,74.75,1589.0,GMT
998,2025-09-20T14:00,20.4,0,0,0.0,0.0,0.0,24140.0,1007.5,34.125,74.75,1589.0,GMT
999,2025-09-20T15:00,17.4,0,0,0.0,0.0,0.0,24140.0,1008.4,34.125,74.75,1589.0,GMT
1000,2025-09-20T16:00,16.3,0,0,0.0,0.0,0.0,24140.0,1009.1,34.125,74.75,1589.0,GMT
1001,2025-09-20T17:00,15.3,0,0,0.0,0.0,0.0,24140.0,1009.1,34.125,74.75,1589.0,GMT
1002,2025-09-20T18:00,14.9,0,0,0.0,0.0,0.0,24140.0,1009.1,34.125,74.75,1589.0,GMT
1003,2025-09-20T19:00,14.3,0,0,0.0,0.0,0.0,24140.0,1008.8,34.125,74.75,1589.0,GMT
1004,2025-09-20T20:00,13.3,0,0,0.0,0.0,0.0,24140.0,1008.9,34.125,74.75,1589.0,GMT
1005,2025-09-20T21:00,12.6,0,0,0.0,0.0,0.0,24140.0,1008.8,34.125,74.75,1589.0,GMT
1006,2025-09-20T22:00,12.2,0,0,0.0,0.0,0.0,24140.0,1009.0,34.125,74.75,1589.0,GMT
1007,2025-09-20T23:00,12.0,0,0,0.0,0.0,0.0,24140.0,1009.1,34.125,74.75,1589.0,GMT
1008,2025-09-21T00:00,11.5,0,0,0.0,0.0,0.0,24140.0,1009.5,34.125,74.75,1589.0,GMT
1009,2025-09-21T01:00,11.4,0,0,0.0,0.0,0.0,24140.0,1009.9,34.125,74.75,1589.0,GMT
1010,2025-09-21T02:00,13.0,0,0,0.0,0.0,0.0,24140.0,1010.7,34.125,74.75,1589.0,GMT
1011,2025-09-21T03:00,17.8,0,0,0.0,0.0,0.0,24140.0,1011.4,34.125,74.75,1589.0,GMT
1012,2025-09-21T04:00,21.0,0,0,0.0,0.0,0.0,24140.0,1011.9,34.125,74.75,1589.0,GMT
1013,2025-09-21T05:00,22.4,0,0,0.0,0.0,0.0,24140.0,1011.4,34.125,74.75,1589.0,GMT
1014,2025-09-21T06:00,23.9,0,0,0.0,0.0,0.0,24140.0,1010.1,34.125,74.75,1589.0,GMT
1015,2025-09-21T07:00,25.7,0,0,0.0,0.0,0.0,24140.0,1008.6,34.125,74.75,1589.0,GMT
1016,2025-09-21T08:00,27.0,0,0,0.0,0.0,0.0,24140.0,1006.8,34.125,74.75,1589.0,GMT
1017,2025-09-21T09:00,27.9,0,0,0.0,0.0,0.0,24140.0,1005.7,34.125,74.75,1589.0,GMT
1018,2025-09-21T10:00,28.2,0,0,0.0,0.0,0.0,24140.0,1005.2,34.125,74.75,1589.0,GMT
1019,2025-09-21T11:00,27.9,0,0,0.0,0.0,0.0,24140.0,1005.0,34.125,74.75,1589.0,GMT
1020,2025-09-21T12:00,27.2,0,0,0.0,0.0,0.0,24140.0,1004.1,34.125,74.75,1589.0,GMT
1021,2025-09-21T13:00,24.0,0,0,0.0,0.0,0.0,24140.0,1004.6,34.125,74.75,1589.0,GMT
1022,2025-09-21T14:00,20.0,0,0,0.0,0.0,0.0,24140.0,1005.2,34.125,74.75,1589.0,GMT
1023,2025-09-21T15:00,17.3,0,0,0.0,0.0,0.0,24140.0,1006.7,34.125,74.75,1589.0,GMT
1024,2025-09-21T16:00,16.4,0,0,0.0,0.0,0.0,24140.0,1007.4,34.125,74.75,1589.0,GMT
1025,2025-09-21T17:00,15.7,0,0,0.0,0.0,0.0,24140.0,1007.9,34.125,74.75,1589.0,GMT
1026,2025-09-21T18:00,15.0,0,0,0.0,0.0,0.0,24140.0,1008.2,34.125,74.75,1589.0,GMT
1027,2025-09-21T19:00,14.1,0,0,0.0,0.0,0.0,24140.0,1008.0,34.125,74.75,1589.0,GMT
1028,2025-09-21T20:00,13.3,0,0,0.0,0.0,0.0,24140.0,1008.3,34.125,74.75,1589.0,GMT
1029,2025-09-21T21:00,12.7,1,0,0.0,0.0,0.0,24140.0,1008.4,34.125,74.75,1589.0,GMT
1030,2025-09-21T22:00,12.3,1,0,0.0,0.0,0.0,24140.0,1008.9,34.125,74.75,1589.0,GMT
1031,2025-09-21T23:00,12.2,0,0,0.0,0.0,0.0,24140.0,1009.1,34.125,74.75,1589.0,GMT
1032,2025-09-22T00:00,12.4,0,0,0.0,0.0,0.0,24140.0,1009.2,34.125,74.75,1589.0,GMT
1033,2025-09-22T01:00,12.4,0,0,0.0,0.0,0.0,24140.0,1009.6,34.125,74.75,1589.0,GMT
1034,2025-09-22T02:00,14.0,0,0,0.0,0.0,0.0,24140.0,1010.6,34.125,74.75,1589.0,GMT
1035,2025-09-22T03:00,18.9,0,0,0.0,0.0,0.0,24140.0,1011.6,34.125,74.75,1589.0,GMT
1036,2025-09-22T04:00,21.3,0,0,0.0,0.0,0.0,24140.0,1012.4,34.125,74.75,1589.0,GMT
1037,2025-09-22T05:00,22.7,0,0,0.0,0.0,0.0,24140.0,1011.9,34.125,74.75,1589.0,GMT
1038,2025-09-22T06:00,24.3,0,0,0.0,0.0,0.0,24140.0,1010.7,34.125,74.75,1589.0,GMT
1039,2025-09-22T07:00,25.8,0,0,0.0,0.0,0.0,24140.0,1009.6,34.125,74.75,1589.0,GMT
1040,2025-09-22T08:00,27.1,0,0,0.0,0.0,0.0,24140.0,1008.2,34.125,74.75,1589.0,GMT
1041,2025-09-22T09:00,28.0,0,0,0.0,0.0,0.0,24140.0,1006.7,34.125,74.75,1589.0,GMT
1042,2025-09-22T10:00,28.3,0,0,0.0,0.0,0.0,24140.0,1006.1,34.125,74.75,1589.0,GMT
1043,2025-09-22T11:00,27.9,0,0,0.0,0.0,0.0,24140.0,1005.4,34.125,74.75,1589.0,GMT
1044,2025-09-22T12:00,27.3,0,0,0.0,0.0,0.0,24140.0,1005.9,34.125,74.75,1589.0,GMT
1045,2025-09-22T13:00,24.5,0,0,0.0,0.0,0.0,24140.0,1006.2,34.125,74.75,1589.0,GMT
1046,2025-09-22T14:00,21.3,0,0,0.0,0.0,0.0,24140.0,1007.2,34.125,74.75,1589.0,GMT
1047,2025-09-22T15:00,18.6,0,0,0.0,0.0,0.0,24140.0,1008.3,34.125,74.75,1589.0,GMT
1048,2025-09-22T16:00,17.3,0,0,0.0,0.0,0.0,24140.0,1008.6,34.125,74.75,1589.0,GMT
1049,2025-09-22T17:00,16.7,1,0,0.0,0.0,0.0,24140.0,1008.8,34.125,74.75,1589.0,GMT
1050,2025-09-22T18:00,16.1,1,0,0.0,0.0,0.0,24140.0,1009.1,34.125,74.75,1589.0,GMT
1051,2025-09-22T19:00,15.7,1,0,0.0,0.0,0.0,24140.0,1009.0,34.125,74.75,1589.0,GMT
1052,2025-09-22T20:00,14.8,1,0,0.0,0.0,0.0,24140.0,1009.0,34.125,74.75,1589.0,GMT
1053,2025-09-22T21:00,13.9,1,0,0.0,0.0,0.0,24140.0,1008.9,34.125,74.75,1589.0,GMT
1054,2025-09-22T22:00,13.6,1,0,0.0,0.0,0.0,24140.0,1009.3,34.125,74.75,1589.0,GMT
1055,2025-09-22T23:00,13.6,1,0,0.0,0.0,0.0,24140.0,1009.6,34.125,74.75,1589.0,GMT
1056,2025-09-23T00:00,14.7,1,0,0.0,0.0,0.0,24140.0,1009.5,34.125,74.75,1589.0,GMT
1057,2025-09-23T01:00,14.9,2,0,0.0,0.0,0.0,24140.0,1009.9,34.125,74.75,1589.0,GMT
1058,2025-09-23T02:00,16.3,2,0,0.0,0.0,0.0,24140.0,1010.8,34.125,74.75,1589.0,GMT
1059,2025-09-23T03:00,19.9,2,0,0.0,0.0,0.0,24140.0,1011.6,34.125,74.75,1589.0,GMT
1060,2025-09-23T04:00,22.2,1,0,0.0,0.0,0.0,24140.0,1011.9,34.125,74.75,1589.0,GMT
1061,2025-09-23T05:00,23.2,0,0,0.0,0.0,0.0,24140.0,1011.7,34.125,74.75,1589.0,GMT
1062,2025-09-23T06:00,24.6,0,0,0.0,0.0,0.0,24140.0,1010.8,34.125,74.75,1589.0,GMT
1063,2025-09-23T07:00,25.9,0,0,0.0,0.0,0.0,24140.0,1009.7,34.125,74.75,1589.0,GMT
1064,2025-09-23T08:00,26.7,0,0,0.0,0.0,0.0,24140.0,1008.5,34.125,74.75,1589.0,GMT
1065,2025-09-23T09:00,27.5,0,0,0.0,0.0,0.0,24140.0,1007.2,34.125,74.75,1589.0,GMT
1066,2025-09-23T10:00,27.7,0,0,0.0,0.0,0.0,24140.0,1006.1,34.125,74.75,1589.0,GMT
1067,2025-09-23T11:00,27.4,0,0,0.0,0.0,0.0,24140.0,1005.3,34.125,74.75,1589.0,GMT
1068,2025-09-23T12:00,26.9,0,0,0.0,0.0,0.0,24140.0,1004.7,34.125,74.75,1589.0,GMT
1069,2025-09-23T13:00,25.7,0,0,0.0,0.0,0.0,24140.0,1004.8,34.125,74.75,1589.0,GMT
1070,2025-09-23T14:00,22.1,0,0,0.0,0.0,0.0,24140.0,1005.6,34.125,74.75,1589.0,GMT
1071,2025-09-23T15:00,18.2,0,0,0.0,0.0,0.0,24140.0,1006.5,34.125,74.75,1589.0,GMT
1072,2025-09-23T16:00,16.5,0,0,0.0,0.0,0.0,24140.0,1006.8,34.125,74.75,1589.0,GMT
1073,2025-09-23T17:00,16.0,1,0,0.0,0.0,0.0,24140.0,1007.2,34.125,74.75,1589.0,GMT
1074,2025-09-23T18:00,15.9,2,0,0.0,0.0,0.0,24140.0,1007.8,34.125,74.75,1589.0,GMT
1075,2025-09-23T19:00,15.6,2,0,0.0,0.0,0.0,24140.0,1007.9,34.125,74.75,1589.0,GMT
1076,2025-09-23T20:00,14.7,1,0,0.0,0.0,0.0,24140.0,1007.7,34.125,74.75,1589.0,GMT
1077,2025-09-23T21:00,13.7,1,0,0.0,0.0,0.0,24140.0,1007.7,34.125,74.75,1589.0,GMT
1078,2025-09-23T22:00,13.0,1,0,0.0,0.0,0.0,24140.0,1007.8,34.125,74.75,1589.0,GMT
1079,2025-09-23T23:00,12.6,0,0,0.0,0.0,0.0,24140.0,1007.6,34.125,74.75,1589.0,GMT
1080,2025-09-24T00:00,12.4,0,0,0.0,0.0,0.0,24140.0,1008.3,34.125,74.75,1589.0,GMT
1081,2025-09-24T01:00,12.0,1,0,0.0,0.0,0.0,24140.0,1008.6,34.125,74.75,1589.0,GMT
1082,2025-09-24T02:00,13.6,1,0,0.0,0.0,0.0,24140.0,1009.7,34.125,74.75,1589.0,GMT
1083,2025-09-24T03:00,18.5,1,0,0.0,0.0,0.0,24140.0,1010.4,34.125,74.75,1589.0,GMT
1084,2025-09-24T04:00,21.9,1,0,0.0,0.0,0.0,24140.0,1010.6,34.125,74.75,1589.0,GMT
1085,2025-09-24T05:00,23.1,0,0,0.0,0.0,0.0,24140.0,1010.0,34.125,74.75,1589.0,GMT
1086,2025-09-24T06:00,24.7,0,0,0.0,0.0,0.0,24140.0,1008.7,34.125,74.75,1589.0,GMT
1087,2025-09-24T07:00,25.8,0,0,0.0,0.0,0.0,24140.0,1007.3,34.125,74.75,1589.0,GMT
1088,2025-09-24T08:00,26.8,0,0,0.0,0.0,0.0,24140.0,1006.0,34.125,74.75,1589.0,GMT
1089,2025-09-24T09:00,27.6,0,10,0.0,0.0,0.0,24140.0,1004.4,34.125,74.75,1589.0,GMT
1090,2025-09-24T10:00,27.9,0,18,0.0,0.0,0.0,24140.0,1003.7,34.125,74.75,1589.0,GMT
1091,2025-09-24T11:00,27.4,1,28,0.0,0.0,0.0,24140.0,1003.2,34.125,74.75,1589.0,GMT
1092,2025-09-24T12:00,26.7,2,33,0.0,0.0,0.0,24140.0,1003.1,34.125,74.75,1589.0,GMT
1093,2025-09-24T13:00,23.8,2,33,0.0,0.0,0.0,24140.0,1003.7,34.125,74.75,1589.0,GMT
1094,2025-09-24T14:00,21.2,2,20,0.0,0.0,0.0,24140.0,1004.6,34.125,74.75,1589.0,GMT
1095,2025-09-24T15:00,18.5,2,5,0.0,0.0,0.0,24140.0,1005.3,34.125,74.75,1589.0,GMT
1096,2025-09-24T16:00,17.2,2,3,0.0,0.0,0.0,24140.0,1005.8,34.125,74.75,1589.0,GMT
1097,2025-09-24T17:00,17.1,80,5,0.0,0.3,0.0,24140.0,1006.9,34.125,74.75,1589.0,GMT
1098,2025-09-24T18:00,16.6,1,3,0.0,0.1,0.0,24140.0,1006.6,34.125,74.75,1589.0,GMT
1099,2025-09-24T19:00,16.6,2,0,0.0,0.0,0.0,24140.0,1007.5,34.125,74.75,1589.0,GMT
1100,2025-09-24T20:00,15.8,2,5,0.0,0.0,0.0,24140.0,1007.6,34.125,74.75,1589.0,GMT
1101,2025-09-24T21:00,15.1,2,0,0.0,0.0,0.0,24140.0,1008.0,34.125,74.75,1589.0,GMT
1102,2025-09-24T22:00,15.7,2,0,0.0,0.0,0.0,24140.0,1008.6,34.125,74.75,1589.0,GMT
1103,2025-09-24T23:00,15.2,2,0,0.0,0.0,0.0,24140.0,1008.6,34.125,74.75,1589.0,GMT
1104,2025-09-25T00:00,15.2,1,0,0.0,0.0,0.0,24140.0,1008.1,34.125,74.75,1589.0,GMT
1105,2025-09-25T01:00,14.2,1,0,0.0,0.0,0.0,24140.0,1009.1,34.125,74.75,1589.0,GMT
1106,2025-09-25T02:00,14.9,0,0,0.0,0.0,0.0,24140.0,1010.0,34.125,74.75,1589.0,GMT
1107,2025-09-25T03:00,19.3,1,0,0.0,0.0,0.0,24140.0,1010.8,34.125,74.75,1589.0,GMT
1108,2025-09-25T04:00,21.3,1,0,0.0,0.0,0.0,24140.0,1010.8,34.125,74.75,1589.0,GMT
1109,2025-09-25T05:00,22.6,0,0,0.0,0.0,0.0,24140.0,1010.4,34.125,74.75,1589.0,GMT
1110,2025-09-25T06:00,24.2,0,0,0.0,0.0,0.0,24140.0,1009.3,34.125,74.75,1589.0,GMT
1111,2025-09-25T07:00,25.7,0,5,0.0,0.0,0.0,24140.0,1008.3,34.125,74.75,1589.0,GMT
1112,2025-09-25T08:00,26.7,0,35,0.0,0.0,0.0,24140.0,1007.1,34.125,74.75,1589.0,GMT
1113,2025-09-25T09:00,26.6,1,50,0.0,0.0,0.0,24140.0,1006.8,34.125,74.75,1589.0,GMT
1114,2025-09-25T10:00,27.0,2,65,0.0,0.0,0.0,24140.0,1005.9,34.125,74.75,1589.0,GMT
1115,2025-09-25T11:00,26.9,1,48,0.0,0.0,0.0,24140.0,1005.3,34.125,74.75,1589.0,GMT
1116,2025-09-25T12:00,26.0,2,30,0.0,0.1,0.0,24140.0,1005.3,34.125,74.75,1589.0,GMT
1117,2025-09-25T13:00,23.3,2,5,0.0,0.2,0.0,24140.0,1006.7,34.125,74.75,1589.0,GMT
1118,2025-09-25T14:00,21.5,2,3,0.0,0.2,0.0,24140.0,1008.4,34.125,74.75,1589.0,GMT
1119,2025-09-25T15:00,20.6,1,0,0.0,0.0,0.0,24140.0,1009.9,34.125,74.75,1589.0,GMT
1120,2025-09-25T16:00,18.4,1,0,0.0,0.0,0.0,24140.0,1010.2,34.125,74.75,1589.0,GMT
1121,2025-09-25T17:00,16.2,0,0,0.0,0.0,0.0,24140.0,1010.4,34.125,74.75,1589.0,GMT
1122,2025-09-25T18:00,14.4,0,0,0.0,0.0,0.0,24140.0,1011.1,34.125,74.75,1589.0,GMT
1123,2025-09-25T19:00,13.7,0,0,0.0,0.0,0.0,24140.0,1010.8,34.125,74.75,1589.0,GMT
1124,2025-09-25T20:00,13.0,0,0,0.0,0.0,0.0,24140.0,1010.7,34.125,74.75,1589.0,GMT
1125,2025-09-25T21:00,12.2,0,0,0.0,0.0,0.0,24140.0,1011.0,34.125,74.75,1589.0,GMT
1126,2025-09-25T22:00,11.8,0,0,0.0,0.0,0.0,24140.0,1011.3,34.125,74.75,1589.0,GMT
1127,2025-09-25T23:00,11.5,0,0,0.0,0.0,0.0,24140.0,1011.7,34.125,74.75,1589.0,GMT
1128,2025-09-26T00:00,12.1,0,0,0.0,0.0,0.0,24140.0,1012.9,34.125,74.75,1589.0,GMT
1129,2025-09-26T01:00,11.5,0,0,0.0,0.0,0.0,24140.0,1013.0,34.125,74.75,1589.0,GMT
1130,2025-09-26T02:00,12.9,0,0,0.0,0.0,0.0,24140.0,1013.8,34.125,74.75,1589.0,GMT
1131,2025-09-26T03:00,17.6,0,0,0.0,0.0,0.0,24140.0,1014.2,34.125,74.75,1589.0,GMT
1132,2025-09-26T04:00,20.6,0,0,0.0,0.0,0.0,24140.0,1014.7,34.125,74.75,1589.0,GMT
1133,2025-09-26T05:00,22.1,0,0,0.0,0.0,0.0,24140.0,1013.9,34.125,74.75,1589.0,GMT
1134,2025-09-26T06:00,23.2,0,0,0.0,0.0,0.0,24140.0,1013.0,34.125,74.75,1589.0,GMT
1135,2025-09-26T07:00,24.6,0,0,0.0,0.0,0.0,24140.0,1011.6,34.125,74.75,1589.0,GMT
1136,2025-09-26T08:00,25.6,0,0,0.0,0.0,0.0,24140.0,1010.3,34.125,74.75,1589.0,GMT
1137,2025-09-26T09:00,26.6,0,0,0.0,0.0,0.0,24140.0,1009.2,34.125,74.75,1589.0,GMT
1138,2025-09-26T10:00,27.0,0,0,0.0,0.0,0.0,24140.0,1008.2,34.125,74.75,1589.0,GMT
1139,2025-09-26T11:00,26.7,0,3,0.0,0.0,0.0,24140.0,1007.8,34.125,74.75,1589.0,GMT
1140,2025-09-26T12:00,25.3,0,0,0.0,0.0,0.0,24140.0,1008.5,34.125,74.75,1589.0,GMT
1141,2025-09-26T13:00,22.2,0,0,0.0,0.0,0.0,24140.0,1009.1,34.125,74.75,1589.0,GMT
1142,2025-09-26T14:00,19.0,1,0,0.0,0.0,0.0,24140.0,1009.9,34.125,74.75,1589.0,GMT
1143,2025-09-26T15:00,16.2,0,0,0.0,0.0,0.0,24140.0,1010.5,34.125,74.75,1589.0,GMT
1144,2025-09-26T16:00,15.1,1,0,0.0,0.0,0.0,24140.0,1011.0,34.125,74.75,1589.0,GMT
1145,2025-09-26T17:00,14.2,0,0,0.0,0.0,0.0,24140.0,1011.1,34.125,74.75,1589.0,GMT
1146,2025-09-26T18:00,14.1,0,0,0.0,0.0,0.0,24140.0,1012.1,34.125,74.75,1589.0,GMT
1147,2025-09-26T19:00,13.5,0,0,0.0,0.0,0.0,24140.0,1012.3,34.125,74.75,1589.0,GMT
1148,2025-09-26T20:00,12.9,0,0,0.0,0.0,0.0,24140.0,1012.7,34.125,74.75,1589.0,GMT
1149,2025-09-26T21:00,12.1,0,0,0.0,0.0,0.0,24140.0,1012.8,34.125,74.75,1589.0,GMT
1150,2025-09-26T22:00,11.6,0,0,0.0,0.0,0.0,24140.0,1013.5,34.125,74.75,1589.0,GMT
1151,2025-09-26T23:00,11.4,0,0,0.0,0.0,0.0,24140.0,1014.3,34.125,74.75,1589.0,GMT
1152,2025-09-27T00:00,11.8,0,0,0.0,0.0,0.0,24140.0,1015.0,34.125,74.75,1589.0,GMT
1153,2025-09-27T01:00,11.8,1,0,0.0,0.0,0.0,24140.0,1015.7,34.125,74.75,1589.0,GMT
1154,2025-09-27T02:00,13.3,0,0,0.0,0.0,0.0,24140.0,1016.4,34.125,74.75,1589.0,GMT
1155,2025-09-27T03:00,17.7,0,0,0.0,0.0,0.0,24140.0,1017.2,34.125,74.75,1589.0,GMT
1156,2025-09-27T04:00,20.7,0,0,0.0,0.0,0.0,24140.0,1017.8,34.125,74.75,1589.0,GMT
1157,2025-09-27T05:00,22.1,0,0,0.0,0.0,0.0,24140.0,1017.3,34.125,74.75,1589.0,GMT
1158,2025-09-27T06:00,23.8,0,0,0.0,0.0,0.0,24140.0,1016.4,34.125,74.75,1589.0,GMT
1159,2025-09-27T07:00,25.3,0,0,0.0,0.0,0.0,24140.0,1015.5,34.125,74.75,1589.0,GMT
1160,2025-09-27T08:00,26.4,0,0,0.0,0.0,0.0,24140.0,1014.2,34.125,74.75,1589.0,GMT
1161,2025-09-27T09:00,26.9,0,0,0.0,0.0,0.0,24140.0,1012.9,34.125,74.75,1589.0,GMT
1162,2025-09-27T10:00,27.0,0,0,0.0,0.0,0.0,24140.0,1012.0,34.125,74.75,1589.0,GMT
1163,2025-09-27T11:00,26.8,1,0,0.0,0.0,0.0,24140.0,1011.2,34.125,74.75,1589.0,GMT
1164,2025-09-27T12:00,26.3,1,0,0.0,0.0,0.0,24140.0,1011.2,34.125,74.75,1589.0,GMT
1165,2025-09-27T13:00,23.4,1,0,0.0,0.0,0.0,24140.0,1011.6,34.125,74.75,1589.0,GMT
1166,2025-09-27T14:00,18.5,1,0,0.0,0.0,0.0,24140.0,1012.3,34.125,74.75,1589.0,GMT
1167,2025-09-27T15:00,16.3,1,0,0.0,0.0,0.0,24140.0,1012.6,34.125,74.75,1589.0,GMT
1168,2025-09-27T16:00,14.9,1,0,0.0,0.0,0.0,24140.0,1013.0,34.125,74.75,1589.0,GMT
1169,2025-09-27T17:00,13.8,0,0,0.0,0.0,0.0,24140.0,1013.1,34.125,74.75,1589.0,GMT
1170,2025-09-27T18:00,12.7,0,0,0.0,0.0,0.0,24140.0,1013.7,34.125,74.75,1589.0,GMT
1171,2025-09-27T19:00,12.2,0,0,0.0,0.0,0.0,24140.0,1013.5,34.125,74.75,1589.0,GMT
1172,2025-09-27T20:00,11.2,0,0,0.0,0.0,0.0,24140.0,1013.6,34.125,74.75,1589.0,GMT
1173,2025-09-27T21:00,10.7,0,0,0.0,0.0,0.0,24140.0,1013.8,34.125,74.75,1589.0,GMT
1174,2025-09-27T22:00,10.5,0,0,0.0,0.0,0.0,24140.0,1014.2,34.125,74.75,1589.0,GMT
1175,2025-09-27T23:00,10.2,0,0,0.0,0.0,0.0,24140.0,1014.8,34.125,74.75,1589.0,GMT
1176,2025-09-28T00:00,9.9,0,0,0.0,0.0,0.0,24140.0,1015.0,34.125,74.75,1589.0,GMT
1177,2025-09-28T01:00,10.0,0,0,0.0,0.0,0.0,24140.0,1015.3,34.125,74.75,1589.0,GMT
1178,2025-09-28T02:00,11.5,0,0,0.0,0.0,0.0,24140.0,1016.0,34.125,74.75,1589.0,GMT
1179,2025-09-28T03:00,16.3,0,0,0.0,0.0,0.0,24140.0,1016.9,34.125,74.75,1589.0,GMT
1180,2025-09-28T04:00,20.2,0,0,0.0,0.0,0.0,24140.0,1017.7,34.125,74.75,1589.0,GMT
1181,2025-09-28T05:00,21.5,0,0,0.0,0.0,0.0,24140.0,1016.8,34.125,74.75,1589.0,GMT
1182,2025-09-28T06:00,23.1,0,0,0.0,0.0,0.0,24140.0,1015.5,34.125,74.75,1589.0,GMT
1183,2025-09-28T07:00,24.8,0,0,0.0,0.0,0.0,24140.0,1013.6,34.125,74.75,1589.0,GMT
1184,2025-09-28T08:00,26.1,0,0,0.0,0.0,0.0,24140.0,1012.3,34.125,74.75,1589.0,GMT
1185,2025-09-28T09:00,26.9,0,0,0.0,0.0,0.0,24140.0,1010.6,34.125,74.75,1589.0,GMT
1186,2025-09-28T10:00,27.2,0,0,0.0,0.0,0.0,24140.0,1009.7,34.125,74.75,1589.0,GMT
1187,2025-09-28T11:00,26.7,0,0,0.0,0.0,0.0,24140.0,1008.4,34.125,74.75,1589.0,GMT
1188,2025-09-28T12:00,25.4,0,0,0.0,0.0,0.0,24140.0,1008.6,34.125,74.75,1589.0,GMT
1189,2025-09-28T13:00,21.3,0,0,0.0,0.0,0.0,24140.0,1008.5,34.125,74.75,1589.0,GMT
1190,2025-09-28T14:00,17.1,0,0,0.0,0.0,0.0,24140.0,1009.2,34.125,74.75,1589.0,GMT
1191,2025-09-28T15:00,14.6,0,0,0.0,0.0,0.0,24140.0,1009.7,34.125,74.75,1589.0,GMT
1192,2025-09-28T16:00,13.4,0,0,0.0,0.0,0.0,24140.0,1010.0,34.125,74.75,1589.0,GMT
1193,2025-09-28T17:00,12.5,0,0,0.0,0.0,0.0,24140.0,1010.0,34.125,74.75,1589.0,GMT
1194,2025-09-28T18:00,12.1,0,3,0.0,0.0,0.0,24140.0,1010.7,34.125,74.75,1589.0,GMT
1195,2025-09-28T19:00,11.3,0,3,0.0,0.0,0.0,24140.0,1011.0,34.125,74.75,1589.0,GMT
1196,2025-09-28T20:00,10.9,0,3,0.0,0.0,0.0,24140.0,1011.3,34.125,74.75,1589.0,GMT
1197,2025-09-28T21:00,10.9,0,3,0.0,0.0,0.0,24140.0,1011.4,34.125,74.75,1589.0,GMT
1198,2025-09-28T22:00,10.8,0,0,0.0,0.0,0.0,24140.0,1011.7,34.125,74.75,1589.0,GMT
1199,2025-09-28T23:00,10.7,0,0,0.0,0.0,0.0,24140.0,1012.1,34.125,74.75,1589.0,GMT
1200,2025-09-29T00:00,10.7,0,0,0.0,0.0,0.0,24140.0,1011.5,34.125,74.75,1589.0,GMT
1201,2025-09-29T01:00,10.5,0,0,0.0,0.0,0.0,24140.0,1012.1,34.125,74.75,1589.0,GMT
1202,2025-09-29T02:00,12.1,0,0,0.0,0.0,0.0,24140.0,1013.2,34.125,74.75,1589.0,GMT
1203,2025-09-29T03:00,17.1,0,0,0.0,0.0,0.0,24140.0,1014.0,34.125,74.75,1589.0,GMT
1204,2025-09-29T04:00,20.4,0,3,0.0,0.0,0.0,24140.0,1014.6,34.125,74.75,1589.0,GMT
1205,2025-09-29T05:00,21.6,0,3,0.0,0.0,0.0,24140.0,1014.0,34.125,74.75,1589.0,GMT
1206,2025-09-29T06:00,23.6,0,5,0.0,0.0,0.0,24140.0,1012.2,34.125,74.75,1589.0,GMT
1207,2025-09-29T07:00,25.0,0,18,0.0,0.0,0.0,24140.0,1010.9,34.125,74.75,1589.0,GMT
1208,2025-09-29T08:00,25.9,0,35,0.0,0.0,0.0,24140.0,1009.1,34.125,74.75,1589.0,GMT
1209,2025-09-29T09:00,26.5,0,38,0.0,0.0,0.0,24140.0,1007.8,34.125,74.75,1589.0,GMT
1210,2025-09-29T10:00,26.7,0,40,0.0,0.0,0.0,24140.0,1007.0,34.125,74.75,1589.0,GMT
1211,2025-09-29T11:00,26.1,0,50,0.0,0.0,0.0,24140.0,1006.6,34.125,74.75,1589.0,GMT
1212,2025-09-29T12:00,25.6,0,25,0.0,0.0,0.0,24140.0,1006.4,34.125,74.75,1589.0,GMT
1213,2025-09-29T13:00,22.6,0,5,0.0,0.0,0.0,24140.0,1006.6,34.125,74.75,1589.0,GMT
1214,2025-09-29T14:00,18.8,0,3,0.0,0.0,0.0,24140.0,1007.9,34.125,74.75,1589.0,GMT
1215,2025-09-29T15:00,16.0,1,0,0.0,0.0,0.0,24140.0,1008.4,34.125,74.75,1589.0,GMT
1216,2025-09-29T16:00,14.7,0,0,0.0,0.0,0.0,24140.0,1008.8,34.125,74.75,1589.0,GMT
1217,2025-09-29T17:00,13.4,0,0,0.0,0.0,0.0,24140.0,1008.6,34.125,74.75,1589.0,GMT
1218,2025-09-29T18:00,12.5,0,0,0.0,0.0,0.0,24140.0,1009.3,34.125,74.75,1589.0,GMT
1219,2025-09-29T19:00,11.8,0,0,0.0,0.0,0.0,24140.0,1009.3,34.125,74.75,1589.0,GMT
1220,2025-09-29T20:00,11.5,0,0,0.0,0.0,0.0,24140.0,1009.5,34.125,74.75,1589.0,GMT
1221,2025-09-29T21:00,10.8,0,0,0.0,0.0,0.0,24140.0,1009.4,34.125,74.75,1589.0,GMT
1222,2025-09-29T22:00,10.4,0,0,0.0,0.0,0.0,24140.0,1009.4,34.125,74.75,1589.0,GMT
1223,2025-09-29T23:00,10.2,0,0,0.0,0.0,0.0,24140.0,1009.5,34.125,74.75,1589.0,GMT
1224,2025-09-30T00:00,10.2,0,0,0.0,0.0,0.0,24140.0,1010.4,34.125,74.75,1589.0,GMT
1225,2025-09-30T01:00,10.0,0,0,0.0,0.0,0.0,24140.0,1010.7,34.125,74.75,1589.0,GMT
1226,2025-09-30T02:00,11.5,0,0,0.0,0.0,0.0,24140.0,1010.9,34.125,74.75,1589.0,GMT
1227,2025-09-30T03:00,16.7,0,0,0.0,0.0,0.0,24140.0,1011.7,34.125,74.75,1589.0,GMT
1228,2025-09-30T04:00,19.4,0,0,0.0,0.0,0.0,24140.0,1011.6,34.125,74.75,1589.0,GMT
1229,2025-09-30T05:00,20.9,0,0,0.0,0.0,0.0,24140.0,1010.6,34.125,74.75,1589.0,GMT
1230,2025-09-30T06:00,22.5,0,0,0.0,0.0,0.0,24140.0,1010.0,34.125,74.75,1589.0,GMT
1231,2025-09-30T07:00,24.2,0,0,0.0,0.0,0.0,24140.0,1008.6,34.125,74.75,1589.0,GMT
1232,2025-09-30T08:00,25.4,0,0,0.0,0.0,0.0,24140.0,1006.8,34.125,74.75,1589.0,GMT
1233,2025-09-30T09:00,26.1,0,3,0.0,0.0,0.0,24140.0,1005.2,34.125,74.75,1589.0,GMT
1234,2025-09-30T10:00,26.3,0,28,0.0,0.0,0.0,24140.0,1004.1,34.125,74.75,1589.0,GMT
1235,2025-09-30T11:00,25.8,0,33,0.0,0.0,0.0,24140.0,1003.5,34.125,74.75,1589.0,GMT
1236,2025-09-30T12:00,25.0,0,28,0.0,0.0,0.0,24140.0,1003.0,34.125,74.75,1589.0,GMT
1237,2025-09-30T13:00,23.2,0,8,0.0,0.0,0.0,24140.0,1003.6,34.125,74.75,1589.0,GMT
1238,2025-09-30T14:00,19.8,0,5,0.0,0.0,0.0,24140.0,1004.7,34.125,74.75,1589.0,GMT
1239,2025-09-30T15:00,15.2,0,5,0.0,0.0,0.0,24140.0,1006.0,34.125,74.75,1589.0,GMT
1240,2025-09-30T16:00,13.5,0,0,0.0,0.0,0.0,24140.0,1006.5,34.125,74.75,1589.0,GMT
1241,2025-09-30T17:00,12.9,1,0,0.0,0.0,0.0,24140.0,1007.4,34.125,74.75,1589.0,GMT
1242,2025-09-30T18:00,12.8,2,3,0.0,0.0,0.0,24140.0,1007.6,34.125,74.75,1589.0,GMT
1243,2025-09-30T19:00,12.6,1,3,0.0,0.0,0.0,24140.0,1008.3,34.125,74.75,1589.0,GMT
1244,2025-09-30T20:00,12.4,0,3,0.0,0.0,0.0,24140.0,1008.1,34.125,74.75,1589.0,GMT
1245,2025-09-30T21:00,11.5,0,3,0.0,0.0,0.0,24140.0,1008.5,34.125,74.75,1589.0,GMT
1246,2025-09-30T22:00,10.8,0,0,0.0,0.0,0.0,24140.0,1008.4,34.125,74.75,1589.0,GMT
1247,2025-09-30T23:00,10.3,0,0,0.0,0.0,0.0,24140.0,1008.4,34.125,74.75,1589.0,GMT
1248,2025-10-01T00:00,9.8,3,0,0.0,0.0,0.0,24140.0,1008.6,34.125,74.75,1589.0,GMT
1249,2025-10-01T01:00,10.0,3,0,0.0,0.0,0.0,24140.0,1009.0,34.125,74.75,1589.0,GMT
1250,2025-10-01T02:00,11.8,1,0,0.0,0.0,0.0,24140.0,1009.7,34.125,74.75,1589.0,GMT
1251,2025-10-01T03:00,17.1,1,0,0.0,0.0,0.0,24140.0,1010.2,34.125,74.75,1589.0,GMT
1252,2025-10-01T04:00,20.3,2,0,0.0,0.0,0.0,24140.0,1010.3,34.125,74.75,1589.0,GMT
1253,2025-10-01T05:00,21.4,0,0,0.0,0.0,0.0,24140.0,1009.6,34.125,74.75,1589.0,GMT
1254,2025-10-01T06:00,23.0,3,0,0.0,0.0,0.0,24140.0,1008.7,34.125,74.75,1589.0,GMT
1255,2025-10-01T07:00,24.5,0,0,0.0,0.0,0.0,24140.0,1007.6,34.125,74.75,1589.0,GMT
1256,2025-10-01T08:00,25.3,0,0,0.0,0.0,0.0,24140.0,1006.2,34.125,74.75,1589.0,GMT
1257,2025-10-01T09:00,26.0,0,10,0.0,0.0,0.0,24140.0,1005.6,34.125,74.75,1589.0,GMT
1258,2025-10-01T10:00,26.0,0,28,0.0,0.0,0.0,24140.0,1004.8,34.125,74.75,1589.0,GMT
1259,2025-10-01T11:00,25.6,0,38,0.0,0.0,0.0,24140.0,1004.1,34.125,74.75,1589.0,GMT
1260,2025-10-01T12:00,25.1,0,30,0.0,0.0,0.0,24140.0,1003.6,34.125,74.75,1589.0,GMT
1261,2025-10-01T13:00,22.4,1,0,0.0,0.0,0.0,24140.0,1004.2,34.125,74.75,1589.0,GMT
1262,2025-10-01T14:00,19.1,1,0,0.0,0.0,0.0,24140.0,1005.6,34.125,74.75,1589.0,GMT
1263,2025-10-01T15:00,14.8,0,0,0.0,0.0,0.0,24140.0,1006.8,34.125,74.75,1589.0,GMT
1264,2025-10-01T16:00,13.2,0,0,0.0,0.0,0.0,24140.0,1007.3,34.125,74.75,1589.0,GMT
1265,2025-10-01T17:00,12.3,1,0,0.0,0.0,0.0,24140.0,1007.8,34.125,74.75,1589.0,GMT
1266,2025-10-01T18:00,11.4,0,0,0.0,0.0,0.0,24140.0,1008.1,34.125,74.75,1589.0,GMT
1267,2025-10-01T19:00,11.0,1,0,0.0,0.0,0.0,24140.0,1008.8,34.125,74.75,1589.0,GMT
1268,2025-10-01T20:00,11.0,1,0,0.0,0.0,0.0,24140.0,1009.0,34.125,74.75,1589.0,GMT
1269,2025-10-01T21:00,11.1,0,3,0.0,0.0,0.0,24140.0,1009.6,34.125,74.75,1589.0,GMT
1270,2025-10-01T22:00,11.0,0,3,0.0,0.0,0.0,24140.0,1009.7,34.125,74.75,1589.0,GMT
1271,2025-10-01T23:00,10.9,0,8,0.0,0.0,0.0,24140.0,1010.4,34.125,74.75,1589.0,GMT
1272,2025-10-02T00:00,10.9,0,0,0.0,0.0,0.0,24140.0,1010.5,34.125,74.75,1589.0,GMT
1273,2025-10-02T01:00,10.3,1,0,0.0,0.0,0.0,24140.0,1011.2,34.125,74.75,1589.0,GMT
1274,2025-10-02T02:00,11.4,1,0,0.0,0.0,0.0,24140.0,1011.8,34.125,74.75,1589.0,GMT
1275,2025-10-02T03:00,16.3,0,0,0.0,0.0,0.0,21840.0,1012.8,34.125,74.75,1589.0,GMT
1276,2025-10-02T04:00,19.9,3,0,0.0,0.0,0.0,24140.0,1013.6,34.125,74.75,1589.0,GMT
1277,2025-10-02T05:00,20.8,3,0,0.0,0.0,0.0,24140.0,1013.6,34.125,74.75,1589.0,GMT
1278,2025-10-02T06:00,23.2,3,0,0.0,0.0,0.0,24140.0,1011.9,34.125,74.75,1589.0,GMT
1279,2025-10-02T07:00,24.4,0,3,0.0,0.0,0.0,24140.0,1010.6,34.125,74.75,1589.0,GMT
1280,2025-10-02T08:00,25.6,0,13,0.0,0.0,0.0,24140.0,1009.4,34.125,74.75,1589.0,GMT
1281,2025-10-02T09:00,26.2,0,40,0.0,0.0,0.0,24140.0,1008.5,34.125,74.75,1589.0,GMT
1282,2025-10-02T10:00,26.5,0,63,0.0,0.0,0.0,24140.0,1008.3,34.125,74.75,1589.0,GMT
1283,2025-10-02T11:00,25.9,2,58,0.0,0.0,0.0,24140.0,1007.9,34.125,74.75,1589.0,GMT
1284,2025-10-02T12:00,24.8,1,35,0.0,0.1,0.0,24140.0,1008.3,34.125,74.75,1589.0,GMT
1285,2025-10-02T13:00,21.3,0,10,0.0,0.0,0.0,24140.0,1009.5,34.125,74.75,1589.0,GMT
1286,2025-10-02T14:00,18.1,2,0,0.0,0.0,0.0,24140.0,1011.6,34.125,74.75,1589.0,GMT
1287,2025-10-02T15:00,17.3,2,0,0.0,0.0,0.0,24140.0,1013.6,34.125,74.75,1589.0,GMT
1288,2025-10-02T16:00,17.1,0,0,0.0,0.0,0.0,24140.0,1013.0,34.125,74.75,1589.0,GMT
1289,2025-10-02T17:00,14.8,0,0,0.0,0.0,0.0,24140.0,1013.2,34.125,74.75,1589.0,GMT
1290,2025-10-02T18:00,12.7,0,0,0.0,0.0,0.0,24140.0,1013.4,34.125,74.75,1589.0,GMT
1291,2025-10-02T19:00,12.1,0,0,0.0,0.0,0.0,24140.0,1014.0,34.125,74.75,1589.0,GMT
1292,2025-10-02T20:00,11.4,0,0,0.0,0.0,0.0,18380.0,1014.3,34.125,74.75,1589.0,GMT
1293,2025-10-02T21:00,10.9,3,0,0.0,0.0,0.0,12660.0,1015.1,34.125,74.75,1589.0,GMT
1294,2025-10-02T22:00,10.9,3,0,0.0,0.0,0.0,24140.0,1015.1,34.125,74.75,1589.0,GMT
1295,2025-10-02T23:00,10.9,3,0,0.0,0.0,0.0,24140.0,1015.5,34.125,74.75,1589.0,GMT
1296,2025-10-03T00:00,11.7,3,5,0.0,0.0,0.0,24140.0,1015.1,34.125,74.75,1589.0,GMT
1297,2025-10-03T01:00,10.8,3,0,0.0,0.0,0.0,24140.0,1015.4,34.125,74.75,1589.0,GMT
1298,2025-10-03T02:00,12.0,2,3,0.0,0.0,0.0,24140.0,1015.9,34.125,74.75,1589.0,GMT
1299,2025-10-03T03:00,16.4,3,3,0.0,0.0,0.0,24140.0,1017.2,34.125,74.75,1589.0,GMT
1300,2025-10-03T04:00,19.1,3,8,0.0,0.0,0.0,24140.0,1017.3,34.125,74.75,1589.0,GMT
1301,2025-10-03T05:00,20.1,2,8,0.0,0.0,0.0,20580.0,1017.0,34.125,74.75,1589.0,GMT
1302,2025-10-03T06:00,20.5,1,18,0.0,0.0,0.0,14240.0,1016.9,34.125,74.75,1589.0,GMT
1303,2025-10-03T07:00,22.2,0,28,0.0,0.0,0.0,24140.0,1015.7,34.125,74.75,1589.0,GMT
1304,2025-10-03T08:00,22.9,0,60,0.0,0.0,0.0,24140.0,1014.2,34.125,74.75,1589.0,GMT
1305,2025-10-03T09:00,23.5,0,65,0.0,0.0,0.0,24140.0,1013.3,34.125,74.75,1589.0,GMT
1306,2025-10-03T10:00,23.5,0,48,0.0,0.0,0.0,24140.0,1012.7,34.125,74.75,1589.0,GMT
1307,2025-10-03T11:00,22.2,0,38,0.0,0.0,0.0,24140.0,1012.9,34.125,74.75,1589.0,GMT
1308,2025-10-03T12:00,19.1,2,28,0.0,0.0,0.0,24140.0,1015.3,34.125,74.75,1589.0,GMT
1309,2025-10-03T13:00,16.7,80,23,0.0,0.6,0.0,24140.0,1016.8,34.125,74.75,1589.0,GMT
1310,2025-10-03T14:00,15.4,80,0,0.0,0.2,0.0,24140.0,1017.7,34.125,74.75,1589.0,GMT
1311,2025-10-03T15:00,14.4,2,0,0.0,0.0,0.0,24140.0,1017.9,34.125,74.75,1589.0,GMT
1312,2025-10-03T16:00,13.7,1,0,0.0,0.0,0.0,24140.0,1017.4,34.125,74.75,1589.0,GMT
1313,2025-10-03T17:00,13.0,1,0,0.0,0.0,0.0,24140.0,1017.4,34.125,74.75,1589.0,GMT
1314,2025-10-03T18:00,12.2,0,0,0.0,0.0,0.0,24140.0,1018.1,34.125,74.75,1589.0,GMT
1315,2025-10-03T19:00,11.9,2,0,0.0,0.0,0.0,24140.0,1017.9,34.125,74.75,1589.0,GMT
1316,2025-10-03T20:00,11.4,1,0,0.0,0.0,0.0,24140.0,1018.0,34.125,74.75,1589.0,GMT
1317,2025-10-03T21:00,10.8,0,0,0.0,0.0,0.0,24140.0,1017.7,34.125,74.75,1589.0,GMT
1318,2025-10-03T22:00,10.9,0,0,0.0,0.0,0.0,24140.0,1017.4,34.125,74.75,1589.0,GMT
1319,2025-10-03T23:00,11.2,0,0,0.0,0.0,0.0,24140.0,1017.3,34.125,74.75,1589.0,GMT
1320,2025-10-04T00:00,10.4,0,0,0.0,0.0,0.0,24140.0,1018.4,34.125,74.75,1589.0,GMT
1321,2025-10-04T01:00,10.0,1,0,0.0,0.0,0.0,24140.0,1018.3,34.125,74.75,1589.0,GMT
1322,2025-10-04T02:00,10.1,1,0,0.0,0.0,0.0,24140.0,1018.7,34.125,74.75,1589.0,GMT
1323,2025-10-04T03:00,13.3,1,0,0.0,0.0,0.0,24140.0,1018.9,34.125,74.75,1589.0,GMT
1324,2025-10-04T04:00,15.6,1,3,0.0,0.0,0.0,24140.0,1018.6,34.125,74.75,1589.0,GMT
1325,2025-10-04T05:00,17.7,1,0,0.0,0.0,0.0,24140.0,1017.2,34.125,74.75,1589.0,GMT
1326,2025-10-04T06:00,18.9,1,8,0.0,0.0,0.0,24140.0,1016.1,34.125,74.75,1589.0,GMT
1327,2025-10-04T07:00,20.3,0,18,0.0,0.0,0.0,24140.0,1014.6,34.125,74.75,1589.0,GMT
1328,2025-10-04T08:00,21.3,0,23,0.0,0.0,0.0,24140.0,1012.6,34.125,74.75,1589.0,GMT
1329,2025-10-04T09:00,21.9,3,23,0.0,0.0,0.0,24140.0,1011.2,34.125,74.75,1589.0,GMT
1330,2025-10-04T10:00,22.0,1,33,0.0,0.0,0.0,24140.0,1010.8,34.125,74.75,1589.0,GMT
1331,2025-10-04T11:00,21.5,1,33,0.0,0.0,0.0,24140.0,1010.1,34.125,74.75,1589.0,GMT
1332,2025-10-04T12:00,20.4,1,38,0.0,0.0,0.0,24140.0,1010.1,34.125,74.75,1589.0,GMT
1333,2025-10-04T13:00,16.8,80,23,0.0,0.7,0.0,24140.0,1011.5,34.125,74.75,1589.0,GMT
1334,2025-10-04T14:00,14.9,2,10,0.0,0.1,0.0,24140.0,1012.3,34.125,74.75,1589.0,GMT
1335,2025-10-04T15:00,13.4,95,20,0.0,1.7,0.0,24140.0,1015.1,34.125,74.75,1589.0,GMT
1336,2025-10-04T16:00,12.6,1,15,0.0,0.0,0.0,24140.0,1014.2,34.125,74.75,1589.0,GMT
1337,2025-10-04T17:00,11.6,1,10,0.0,0.0,0.0,24140.0,1013.9,34.125,74.75,1589.0,GMT
1338,2025-10-04T18:00,11.1,1,13,0.0,0.0,0.0,24140.0,1015.0,34.125,74.75,1589.0,GMT
1339,2025-10-04T19:00,10.2,1,13,0.0,0.0,0.0,24140.0,1014.7,34.125,74.75,1589.0,GMT
1340,2025-10-04T20:00,9.6,1,8,0.0,0.0,0.0,24140.0,1015.2,34.125,74.75,1589.0,GMT
1341,2025-10-04T21:00,9.1,2,8,0.0,0.0,0.0,24140.0,1014.5,34.125,74.75,1589.0,GMT
1342,2025-10-04T22:00,8.7,0,8,0.0,0.0,0.0,24140.0,1014.1,34.125,74.75,1589.0,GMT
1343,2025-10-04T23:00,7.5,0,5,0.0,0.0,0.0,24140.0,1014.0,34.125,74.75,1589.0,GMT
1344,2025-10-05T00:00,7.9,0,5,0.0,0.0,0.0,24140.0,1012.8,34.125,74.75,1589.0,GMT
1345,2025-10-05T01:00,8.7,3,0,0.0,0.0,0.0,24140.0,1013.4,34.125,74.75,1589.0,GMT
1346,2025-10-05T02:00,9.7,3,0,0.0,0.0,0.0,24140.0,1013.6,34.125,74.75,1589.0,GMT
1347,2025-10-05T03:00,12.2,3,0,0.0,0.0,0.0,24140.0,1014.8,34.125,74.75,1589.0,GMT
1348,2025-10-05T04:00,14.1,3,0,0.0,0.0,0.0,24140.0,1015.0,34.125,74.75,1589.0,GMT
1349,2025-10-05T05:00,16.1,1,20,0.0,0.0,0.0,24140.0,1014.7,34.125,74.75,1589.0,GMT
1350,2025-10-05T06:00,16.7,0,53,0.0,0.0,0.0,24140.0,1014.4,34.125,74.75,1589.0,GMT
1351,2025-10-05T07:00,18.4,0,70,0.0,0.0,0.0,24140.0,1013.2,34.125,74.75,1589.0,GMT
1352,2025-10-05T08:00,19.3,0,80,0.0,0.0,0.0,24140.0,1011.7,34.125,74.75,1589.0,GMT
1353,2025-10-05T09:00,19.5,3,83,0.0,0.0,0.0,24140.0,1011.3,34.125,74.75,1589.0,GMT
1354,2025-10-05T10:00,19.6,3,83,0.0,0.0,0.0,24140.0,1010.9,34.125,74.75,1589.0,GMT
1355,2025-10-05T11:00,18.4,3,83,0.0,0.0,0.0,20140.0,1011.0,34.125,74.75,1589.0,GMT
1356,2025-10-05T12:00,18.0,3,78,0.0,0.0,0.0,24140.0,1010.2,34.125,74.75,1589.0,GMT
1357,2025-10-05T13:00,15.2,80,53,0.0,0.7,0.0,24140.0,1012.3,34.125,74.75,1589.0,GMT
1358,2025-10-05T14:00,14.4,80,35,0.0,0.3,0.0,24140.0,1013.5,34.125,74.75,1589.0,GMT
1359,2025-10-05T15:00,14.0,3,18,0.0,0.0,0.0,24140.0,1014.2,34.125,74.75,1589.0,GMT
1360,2025-10-05T16:00,12.6,3,15,0.0,0.0,0.0,24140.0,1014.3,34.125,74.75,1589.0,GMT
1361,2025-10-05T17:00,12.3,3,5,0.0,0.0,0.0,24140.0,1014.2,34.125,74.75,1589.0,GMT
1362,2025-10-05T18:00,10.9,3,3,0.0,0.0,0.0,17960.0,1015.1,34.125,74.75,1589.0,GMT
1363,2025-10-05T19:00,10.5,3,13,0.0,0.1,0.0,22280.0,1016.0,34.125,74.75,1589.0,GMT
1364,2025-10-05T20:00,10.7,3,23,0.0,0.0,0.0,24140.0,1015.3,34.125,74.75,1589.0,GMT
1365,2025-10-05T21:00,10.1,3,55,0.0,0.0,0.0,24140.0,1014.6,34.125,74.75,1589.0,GMT
1366,2025-10-05T22:00,10.2,3,60,0.0,0.0,0.0,24140.0,1014.0,34.125,74.75,1589.0,GMT
1367,2025-10-05T23:00,10.3,3,70,0.0,0.1,0.0,24140.0,1014.3,34.125,74.75,1589.0,GMT
1368,2025-10-06T00:00,10.5,61,85,0.5,0.5,0.0,24140.0,1013.3,34.125,74.75,1589.0,GMT
1369,2025-10-06T01:00,10.4,63,95,4.1,0.0,0.0,24140.0,1014.3,34.125,74.75,1589.0,GMT
1370,2025-10-06T02:00,10.3,63,98,4.6,0.0,0.0,23500.0,1015.1,34.125,74.75,1589.0,GMT
1371,2025-10-06T03:00,10.9,63,100,3.8,0.0,0.0,10220.0,1016.2,34.125,74.75,1589.0,GMT
1372,2025-10-06T04:00,11.2,61,95,1.6,0.0,0.0,6000.0,1016.4,34.125,74.75,1589.0,GMT
1373,2025-10-06T05:00,11.5,61,85,0.4,0.0,0.0,11440.0,1016.6,34.125,74.75,1589.0,GMT
1374,2025-10-06T06:00,11.3,3,95,0.0,0.0,0.0,12880.0,1016.1,34.125,74.75,1589.0,GMT
1375,2025-10-06T07:00,11.4,61,98,0.8,0.0,0.0,10460.0,1016.2,34.125,74.75,1589.0,GMT
1376,2025-10-06T08:00,11.1,61,93,2.3,0.0,0.0,9520.0,1015.7,34.125,74.75,1589.0,GMT
1377,2025-10-06T09:00,11.1,61,88,1.3,0.0,0.0,7920.0,1015.9,34.125,74.75,1589.0,GMT
1378,2025-10-06T10:00,10.7,61,95,0.6,0.0,0.0,7700.0,1015.4,34.125,74.75,1589.0,GMT
1379,2025-10-06T11:00,10.4,61,93,0.7,0.0,0.0,9400.0,1015.5,34.125,74.75,1589.0,GMT
1380,2025-10-06T12:00,10.7,61,83,0.2,0.0,0.0,7100.0,1014.1,34.125,74.75,1589.0,GMT
1381,2025-10-06T13:00,10.2,61,90,0.9,0.0,0.0,12580.0,1014.9,34.125,74.75,1589.0,GMT
1382,2025-10-06T14:00,10.0,63,88,3.8,0.0,0.0,23260.0,1015.6,34.125,74.75,1589.0,GMT
1383,2025-10-06T15:00,9.7,61,88,2.2,0.2,0.0,7240.0,1016.6,34.125,74.75,1589.0,GMT
1384,2025-10-06T16:00,9.6,61,88,0.3,0.0,0.0,17300.0,1016.3,34.125,74.75,1589.0,GMT
1385,2025-10-06T17:00,9.5,2,70,0.0,0.0,0.0,23260.0,1016.2,34.125,74.75,1589.0,GMT
1386,2025-10-06T18:00,9.6,2,53,0.0,0.0,0.0,23260.0,1015.6,34.125,74.75,1589.0,GMT
1387,2025-10-06T19:00,9.7,3,48,0.0,0.0,0.0,21560.0,1015.5,34.125,74.75,1589.0,GMT
1388,2025-10-06T20:00,9.7,3,48,0.0,0.0,0.0,8060.0,1015.4,34.125,74.75,1589.0,GMT
1389,2025-10-06T21:00,9.7,3,43,0.0,0.0,0.0,6800.0,1015.1,34.125,74.75,1589.0,GMT
1390,2025-10-06T22:00,9.5,3,43,0.0,0.1,0.0,4320.0,1014.8,34.125,74.75,1589.0,GMT
1391,2025-10-06T23:00,9.4,3,35,0.0,0.0,0.0,7080.0,1014.7,34.125,74.75,1589.0,GMT
1392,2025-10-07T00:00,9.1,3,35,0.0,0.0,0.0,10960.0,1014.8,34.125,74.75,1589.0,GMT
1393,2025-10-07T01:00,9.0,3,8,0.0,0.0,0.0,3380.0,1015.6,34.125,74.75,1589.0,GMT
1394,2025-10-07T02:00,9.1,2,5,0.0,0.0,0.0,3740.0,1015.3,34.125,74.75,1589.0,GMT
1395,2025-10-07T03:00,10.6,1,3,0.0,0.0,0.0,5260.0,1016.9,34.125,74.75,1589.0,GMT
1396,2025-10-07T04:00,11.6,2,3,0.0,0.0,0.0,13200.0,1016.5,34.125,74.75,1589.0,GMT
1397,2025-10-07T05:00,12.8,1,5,0.0,0.0,0.0,17460.0,1016.1,34.125,74.75,1589.0,GMT
1398,2025-10-07T06:00,13.3,2,13,0.0,0.0,0.0,19300.0,1015.8,34.125,74.75,1589.0,GMT
1399,2025-10-07T07:00,14.3,3,35,0.0,0.0,0.0,21400.0,1015.0,34.125,74.75,1589.0,GMT
1400,2025-10-07T08:00,15.1,3,58,0.0,0.0,0.0,24140.0,1014.4,34.125,74.75,1589.0,GMT
1401,2025-10-07T09:00,15.6,3,75,0.0,0.0,0.0,24140.0,1013.8,34.125,74.75,1589.0,GMT
1402,2025-10-07T10:00,16.0,3,83,0.0,0.0,0.0,24140.0,1012.9,34.125,74.75,1589.0,GMT
1403,2025-10-07T11:00,16.2,3,73,0.0,0.0,0.0,24140.0,1012.5,34.125,74.75,1589.0,GMT
1404,2025-10-07T12:00,15.4,3,58,0.0,0.0,0.0,24140.0,1013.2,34.125,74.75,1589.0,GMT
1405,2025-10-07T13:00,14.5,2,40,0.0,0.0,0.0,24140.0,1014.2,34.125,74.75,1589.0,GMT
1406,2025-10-07T14:00,13.3,2,13,0.0,0.0,0.0,24140.0,1014.8,34.125,74.75,1589.0,GMT
1407,2025-10-07T15:00,11.9,1,0,0.0,0.0,0.0,24140.0,1015.2,34.125,74.75,1589.0,GMT
1408,2025-10-07T16:00,10.2,0,0,0.0,0.0,0.0,24140.0,1014.9,34.125,74.75,1589.0,GMT
1409,2025-10-07T17:00,9.4,0,0,0.0,0.0,0.0,24140.0,1015.3,34.125,74.75,1589.0,GMT
1410,2025-10-07T18:00,8.6,1,0,0.0,0.0,0.0,24140.0,1015.8,34.125,74.75,1589.0,GMT
1411,2025-10-07T19:00,8.3,1,3,0.0,0.0,0.0,24140.0,1015.8,34.125,74.75,1589.0,GMT
1412,2025-10-07T20:00,8.0,1,3,0.0,0.0,0.0,24140.0,1015.9,34.125,74.75,1589.0,GMT
1413,2025-10-07T21:00,7.8,1,5,0.0,0.0,0.0,24140.0,1015.7,34.125,74.75,1589.0,GMT
1414,2025-10-07T22:00,7.8,2,8,0.0,0.0,0.0,24140.0,1015.8,34.125,74.75,1589.0,GMT
1415,2025-10-07T23:00,7.5,2,3,0.0,0.0,0.0,24140.0,1016.1,34.125,74.75,1589.0,GMT
1416,2025-10-08T00:00,8.2,2,0,0.0,0.0,0.0,24140.0,1016.8,34.125,74.75,1589.0,GMT
1417,2025-10-08T01:00,8.1,2,0,0.0,0.0,0.0,24140.0,1017.7,34.125,74.75,1589.0,GMT
1418,2025-10-08T02:00,8.6,2,0,0.0,0.0,0.0,24140.0,1018.3,34.125,74.75,1589.0,GMT
1419,2025-10-08T03:00,11.5,1,0,0.0,0.0,0.0,24140.0,1019.2,34.125,74.75,1589.0,GMT
1420,2025-10-08T04:00,13.5,0,0,0.0,0.0,0.0,24140.0,1019.3,34.125,74.75,1589.0,GMT
1421,2025-10-08T05:00,15.0,0,0,0.0,0.0,0.0,24140.0,1019.0,34.125,74.75,1589.0,GMT
1422,2025-10-08T06:00,16.1,1,13,0.0,0.0,0.0,24140.0,1018.7,34.125,74.75,1589.0,GMT
1423,2025-10-08T07:00,17.1,0,28,0.0,0.0,0.0,24140.0,1017.3,34.125,74.75,1589.0,GMT
1424,2025-10-08T08:00,17.8,1,78,0.0,0.0,0.0,24140.0,1016.0,34.125,74.75,1589.0,GMT
1425,2025-10-08T09:00,17.8,0,73,0.0,0.0,0.0,24140.0,1015.2,34.125,74.75,1589.0,GMT
1426,2025-10-08T10:00,17.7,0,75,0.0,0.0,0.0,24140.0,1014.4,34.125,74.75,1589.0,GMT
1427,2025-10-08T11:00,17.5,1,83,0.0,0.0,0.0,24140.0,1013.6,34.125,74.75,1589.0,GMT
1428,2025-10-08T12:00,16.3,1,60,0.0,0.0,0.0,24140.0,1015.1,34.125,74.75,1589.0,GMT
1429,2025-10-08T13:00,14.8,2,68,0.0,0.0,0.0,24140.0,1015.4,34.125,74.75,1589.0,GMT
1430,2025-10-08T14:00,13.4,2,23,0.0,0.0,0.0,24140.0,1016.1,34.125,74.75,1589.0,GMT
1431,2025-10-08T15:00,12.0,1,0,0.0,0.0,0.0,24140.0,1016.2,34.125,74.75,1589.0,GMT
1432,2025-10-08T16:00,10.5,1,0,0.0,0.0,0.0,24140.0,1016.6,34.125,74.75,1589.0,GMT
1433,2025-10-08T17:00,9.7,0,0,0.0,0.0,0.0,24140.0,1016.8,34.125,74.75,1589.0,GMT
1434,2025-10-08T18:00,9.4,0,0,0.0,0.0,0.0,24140.0,1017.0,34.125,74.75,1589.0,GMT
1435,2025-10-08T19:00,8.8,0,0,0.0,0.0,0.0,24140.0,1017.4,34.125,74.75,1589.0,GMT
1436,2025-10-08T20:00,8.2,1,5,0.0,0.0,0.0,24140.0,1017.7,34.125,74.75,1589.0,GMT
1437,2025-10-08T21:00,7.7,1,5,0.0,0.0,0.0,24140.0,1017.8,34.125,74.75,1589.0,GMT
1438,2025-10-08T22:00,7.1,1,0,0.0,0.0,0.0,24140.0,1017.8,34.125,74.75,1589.0,GMT
1439,2025-10-08T23:00,7.3,1,3,0.0,0.0,0.0,24140.0,1018.1,34.125,74.75,1589.0,GMT
1440,2025-10-09T00:00,7.6,0,0,0.0,0.0,0.0,24140.0,1018.9,34.125,74.75,1589.0,GMT
1441,2025-10-09T01:00,7.5,1,0,0.0,0.0,0.0,24140.0,1019.3,34.125,74.75,1589.0,GMT
1442,2025-10-09T02:00,8.1,2,0,0.0,0.0,0.0,24140.0,1019.9,34.125,74.75,1589.0,GMT
1443,2025-10-09T03:00,10.7,2,0,0.0,0.1,0.0,24140.0,1021.0,34.125,74.75,1589.0,GMT
1444,2025-10-09T04:00,13.3,0,0,0.0,0.0,0.0,24140.0,1021.4,34.125,74.75,1589.0,GMT
1445,2025-10-09T05:00,14.8,0,0,0.0,0.0,0.0,24140.0,1021.1,34.125,74.75,1589.0,GMT
1446,2025-10-09T06:00,15.6,1,5,0.0,0.0,0.0,24140.0,1020.5,34.125,74.75,1589.0,GMT
1447,2025-10-09T07:00,17.0,0,18,0.0,0.0,0.0,24140.0,1019.2,34.125,74.75,1589.0,GMT
1448,2025-10-09T08:00,18.0,0,45,0.0,0.0,0.0,24140.0,1017.7,34.125,74.75,1589.0,GMT
1449,2025-10-09T09:00,18.6,0,73,0.0,0.0,0.0,24140.0,1016.6,34.125,74.75,1589.0,GMT
1450,2025-10-09T10:00,18.6,2,85,0.0,0.0,0.0,24140.0,1015.7,34.125,74.75,1589.0,GMT
1451,2025-10-09T11:00,18.4,2,70,0.0,0.0,0.0,24140.0,1015.1,34.125,74.75,1589.0,GMT
1452,2025-10-09T12:00,18.2,2,63,0.0,0.0,0.0,24140.0,1015.4,34.125,74.75,1589.0,GMT
1453,2025-10-09T13:00,16.6,1,38,0.0,0.0,0.0,24140.0,1016.0,34.125,74.75,1589.0,GMT
1454,2025-10-09T14:00,15.2,1,8,0.0,0.0,0.0,24140.0,1016.7,34.125,74.75,1589.0,GMT
1455,2025-10-09T15:00,12.0,1,0,0.0,0.0,0.0,24140.0,1016.8,34.125,74.75,1589.0,GMT
1456,2025-10-09T16:00,10.6,1,0,0.0,0.0,0.0,24140.0,1017.0,34.125,74.75,1589.0,GMT
1457,2025-10-09T17:00,10.0,2,0,0.0,0.0,0.0,24140.0,1016.9,34.125,74.75,1589.0,GMT
1458,2025-10-09T18:00,9.5,2,0,0.0,0.0,0.0,24140.0,1016.9,34.125,74.75,1589.0,GMT
1459,2025-10-09T19:00,9.2,3,0,0.0,0.0,0.0,24140.0,1016.8,34.125,74.75,1589.0,GMT
1460,2025-10-09T20:00,8.6,3,0,0.0,0.0,0.0,24140.0,1016.4,34.125,74.75,1589.0,GMT
1461,2025-10-09T21:00,7.7,2,0,0.0,0.0,0.0,24140.0,1016.2,34.125,74.75,1589.0,GMT
1462,2025-10-09T22:00,7.2,1,0,0.0,0.0,0.0,24140.0,1016.0,34.125,74.75,1589.0,GMT
1463,2025-10-09T23:00,6.9,0,0,0.0,0.0,0.0,24140.0,1015.6,34.125,74.75,1589.0,GMT
1464,2025-10-10T00:00,7.1,0,0,0.0,0.0,0.0,24140.0,1016.9,34.125,74.75,1589.0,GMT
1465,2025-10-10T01:00,6.9,1,0,0.0,0.0,0.0,24140.0,1016.9,34.125,74.75,1589.0,GMT
1466,2025-10-10T02:00,7.6,0,0,0.0,0.0,0.0,24140.0,1017.5,34.125,74.75,1589.0,GMT
1467,2025-10-10T03:00,11.3,0,0,0.0,0.0,0.0,24140.0,1018.0,34.125,74.75,1589.0,GMT
1468,2025-10-10T04:00,14.8,0,0,0.0,0.0,0.0,24140.0,1018.2,34.125,74.75,1589.0,GMT
1469,2025-10-10T05:00,16.0,0,0,0.0,0.0,0.0,24140.0,1017.8,34.125,74.75,1589.0,GMT
1470,2025-10-10T06:00,17.0,0,5,0.0,0.0,0.0,24140.0,1016.9,34.125,74.75,1589.0,GMT
1471,2025-10-10T07:00,18.3,0,23,0.0,0.0,0.0,24140.0,1015.7,34.125,74.75,1589.0,GMT
1472,2025-10-10T08:00,19.1,0,25,0.0,0.0,0.0,24140.0,1014.7,34.125,74.75,1589.0,GMT
1473,2025-10-10T09:00,19.4,0,48,0.0,0.0,0.0,24140.0,1014.2,34.125,74.75,1589.0,GMT
1474,2025-10-10T10:00,19.2,0,68,0.0,0.0,0.0,24140.0,1013.3,34.125,74.75,1589.0,GMT
1475,2025-10-10T11:00,18.5,1,63,0.0,0.0,0.0,24140.0,1012.9,34.125,74.75,1589.0,GMT
1476,2025-10-10T12:00,16.4,80,58,0.0,0.5,0.0,24140.0,1013.9,34.125,74.75,1589.0,GMT
1477,2025-10-10T13:00,14.5,80,35,0.0,0.2,0.0,24140.0,1015.2,34.125,74.75,1589.0,GMT
1478,2025-10-10T14:00,13.3,2,13,0.0,0.0,0.0,24140.0,1016.5,34.125,74.75,1589.0,GMT
1479,2025-10-10T15:00,12.2,2,5,0.0,0.1,0.0,24140.0,1017.1,34.125,74.75,1589.0,GMT
1480,2025-10-10T16:00,11.8,2,0,0.0,0.0,0.0,14520.0,1017.6,34.125,74.75,1589.0,GMT
1481,2025-10-10T17:00,10.8,2,0,0.0,0.1,0.0,24140.0,1018.1,34.125,74.75,1589.0,GMT
1482,2025-10-10T18:00,9.9,2,0,0.0,0.1,0.0,24140.0,1019.0,34.125,74.75,1589.0,GMT
1483,2025-10-10T19:00,9.5,2,0,0.0,0.0,0.0,24140.0,1019.1,34.125,74.75,1589.0,GMT
1484,2025-10-10T20:00,9.4,1,0,0.0,0.0,0.0,24140.0,1018.9,34.125,74.75,1589.0,GMT
1485,2025-10-10T21:00,8.5,1,0,0.0,0.0,0.0,24140.0,1018.4,34.125,74.75,1589.0,GMT
1486,2025-10-10T22:00,7.6,1,0,0.0,0.0,0.0,24140.0,1018.2,34.125,74.75,1589.0,GMT
1487,2025-10-10T23:00,7.3,1,0,0.0,0.0,0.0,24140.0,1018.7,34.125,74.75,1589.0,GMT
1488,2025-10-11T00:00,7.2,0,0,0.0,0.0,0.0,24140.0,1019.4,34.125,74.75,1589.0,GMT
1489,2025-10-11T01:00,7.0,0,0,0.0,0.0,0.0,24140.0,1020.1,34.125,74.75,1589.0,GMT
1490,2025-10-11T02:00,7.5,0,0,0.0,0.0,0.0,24140.0,1020.7,34.125,74.75,1589.0,GMT
1491,2025-10-11T03:00,10.7,0,0,0.0,0.0,0.0,24140.0,1021.1,34.125,74.75,1589.0,GMT
1492,2025-10-11T04:00,13.4,0,0,0.0,0.0,0.0,24140.0,1021.6,34.125,74.75,1589.0,GMT
1493,2025-10-11T05:00,14.7,1,0,0.0,0.0,0.0,24140.0,1021.2,34.125,74.75,1589.0,GMT
1494,2025-10-11T06:00,16.3,1,0,0.0,0.0,0.0,24140.0,1020.2,34.125,74.75,1589.0,GMT
1495,2025-10-11T07:00,17.6,0,0,0.0,0.0,0.0,24140.0,1018.7,34.125,74.75,1589.0,GMT
1496,2025-10-11T08:00,18.7,0,0,0.0,0.0,0.0,24140.0,1017.0,34.125,74.75,1589.0,GMT
1497,2025-10-11T09:00,19.5,0,0,0.0,0.0,0.0,24140.0,1015.8,34.125,74.75,1589.0,GMT
1498,2025-10-11T10:00,19.8,0,0,0.0,0.0,0.0,24140.0,1015.2,34.125,74.75,1589.0,GMT
1499,2025-10-11T11:00,19.5,0,0,0.0,0.0,0.0,24140.0,1015.1,34.125,74.75,1589.0,GMT
1500,2025-10-11T12:00,18.7,0,0,0.0,0.0,0.0,24140.0,1015.0,34.125,74.75,1589.0,GMT
1501,2025-10-11T13:00,17.3,0,0,0.0,0.0,0.0,24140.0,1015.4,34.125,74.75,1589.0,GMT
1502,2025-10-11T14:00,15.1,0,0,0.0,0.0,0.0,24140.0,1016.1,34.125,74.75,1589.0,GMT
1503,2025-10-11T15:00,11.4,0,0,0.0,0.0,0.0,24140.0,1016.8,34.125,74.75,1589.0,GMT
1504,2025-10-11T16:00,9.8,0,0,0.0,0.0,0.0,24140.0,1017.3,34.125,74.75,1589.0,GMT
1505,2025-10-11T17:00,8.6,0,0,0.0,0.0,0.0,24140.0,1017.6,34.125,74.75,1589.0,GMT
1506,2025-10-11T18:00,7.7,0,0,0.0,0.0,0.0,24140.0,1017.4,34.125,74.75,1589.0,GMT
1507,2025-10-11T19:00,7.2,0,0,0.0,0.0,0.0,24140.0,1017.2,34.125,74.75,1589.0,GMT
1508,2025-10-11T20:00,6.7,0,0,0.0,0.0,0.0,24140.0,1017.1,34.125,74.75,1589.0,GMT
1509,2025-10-11T21:00,6.3,0,0,0.0,0.0,0.0,24140.0,1017.1,34.125,74.75,1589.0,GMT
1510,2025-10-11T22:00,5.9,0,0,0.0,0.0,0.0,24140.0,1017.3,34.125,74.75,1589.0,GMT
1511,2025-10-11T23:00,5.6,0,0,0.0,0.0,0.0,24140.0,1017.1,34.125,74.75,1589.0,GMT
1512,2025-10-12T00:00,5.5,0,0,0.0,0.0,0.0,24140.0,1017.3,34.125,74.75,1589.0,GMT
1513,2025-10-12T01:00,5.4,0,0,0.0,0.0,0.0,24140.0,1018.0,34.125,74.75,1589.0,GMT
1514,2025-10-12T02:00,6.3,0,0,0.0,0.0,0.0,24140.0,1018.8,34.125,74.75,1589.0,GMT
1515,2025-10-12T03:00,10.1,0,0,0.0,0.0,0.0,24140.0,1019.6,34.125,74.75,1589.0,GMT
1516,2025-10-12T04:00,14.0,0,0,0.0,0.0,0.0,24140.0,1020.3,34.125,74.75,1589.0,GMT
1517,2025-10-12T05:00,15.4,0,0,0.0,0.0,0.0,24140.0,1019.7,34.125,74.75,1589.0,GMT
1518,2025-10-12T06:00,17.2,0,0,0.0,0.0,0.0,24140.0,1018.6,34.125,74.75,1589.0,GMT
1519,2025-10-12T07:00,18.9,0,0,0.0,0.0,0.0,24140.0,1017.1,34.125,74.75,1589.0,GMT
1520,2025-10-12T08:00,20.1,0,0,0.0,0.0,0.0,24140.0,1015.9,34.125,74.75,1589.0,GMT
1521,2025-10-12T09:00,20.8,0,0,0.0,0.0,0.0,24140.0,1014.9,34.125,74.75,1589.0,GMT
1522,2025-10-12T10:00,21.1,0,0,0.0,0.0,0.0,24140.0,1014.3,34.125,74.75,1589.0,GMT
1523,2025-10-12T11:00,20.8,0,0,0.0,0.0,0.0,24140.0,1014.1,34.125,74.75,1589.0,GMT
1524,2025-10-12T12:00,19.6,0,0,0.0,0.0,0.0,24140.0,1014.5,34.125,74.75,1589.0,GMT
1525,2025-10-12T13:00,17.3,0,0,0.0,0.0,0.0,24140.0,1015.2,34.125,74.75,1589.0,GMT
1526,2025-10-12T14:00,15.5,0,0,0.0,0.0,0.0,24140.0,1016.0,34.125,74.75,1589.0,GMT
1527,2025-10-12T15:00,12.6,0,0,0.0,0.0,0.0,24140.0,1016.8,34.125,74.75,1589.0,GMT
1528,2025-10-12T16:00,10.2,0,0,0.0,0.0,0.0,24140.0,1017.5,34.125,74.75,1589.0,GMT
1529,2025-10-12T17:00,9.4,0,0,0.0,0.0,0.0,24140.0,1017.9,34.125,74.75,1589.0,GMT
1530,2025-10-12T18:00,8.7,0,0,0.0,0.0,0.0,24140.0,1018.2,34.125,74.75,1589.0,GMT
1531,2025-10-12T19:00,8.4,0,0,0.0,0.0,0.0,24140.0,1018.4,34.125,74.75,1589.0,GMT
1532,2025-10-12T20:00,7.9,0,0,0.0,0.0,0.0,24140.0,1018.5,34.125,74.75,1589.0,GMT
1533,2025-10-12T21:00,7.3,0,0,0.0,0.0,0.0,24140.0,1018.2,34.125,74.75,1589.0,GMT
1534,2025-10-12T22:00,6.7,1,0,0.0,0.0,0.0,24140.0,1017.9,34.125,74.75,1589.0,GMT
1535,2025-10-12T23:00,6.4,1,0,0.0,0.0,0.0,24140.0,1017.9,34.125,74.75,1589.0,GMT
1536,2025-10-13T00:00,6.3,0,0,0.0,0.0,0.0,24140.0,1018.3,34.125,74.75,1589.0,GMT
1537,2025-10-13T01:00,6.1,0,0,0.0,0.0,0.0,24140.0,1018.8,34.125,74.75,1589.0,GMT
1538,2025-10-13T02:00,6.5,0,0,0.0,0.0,0.0,24140.0,1019.3,34.125,74.75,1589.0,GMT
1539,2025-10-13T03:00,10.3,0,0,0.0,0.0,0.0,24140.0,1019.7,34.125,74.75,1589.0,GMT
1540,2025-10-13T04:00,14.3,0,0,0.0,0.0,0.0,24140.0,1020.2,34.125,74.75,1589.0,GMT
1541,2025-10-13T05:00,15.9,0,0,0.0,0.0,0.0,24140.0,1019.7,34.125,74.75,1589.0,GMT
1542,2025-10-13T06:00,17.8,0,0,0.0,0.0,0.0,24140.0,1018.5,34.125,74.75,1589.0,GMT
1543,2025-10-13T07:00,19.6,0,0,0.0,0.0,0.0,24140.0,1017.1,34.125,74.75,1589.0,GMT
1544,2025-10-13T08:00,20.9,0,0,0.0,0.0,0.0,24140.0,1015.3,34.125,74.75,1589.0,GMT
1545,2025-10-13T09:00,21.6,0,0,0.0,0.0,0.0,24140.0,1013.9,34.125,74.75,1589.0,GMT
1546,2025-10-13T10:00,21.7,0,0,0.0,0.0,0.0,24140.0,1013.3,34.125,74.75,1589.0,GMT
1547,2025-10-13T11:00,21.3,0,0,0.0,0.0,0.0,24140.0,1013.2,34.125,74.75,1589.0,GMT
1548,2025-10-13T12:00,20.1,0,0,0.0,0.0,0.0,24140.0,1013.4,34.125,74.75,1589.0,GMT
1549,2025-10-13T13:00,17.7,0,0,0.0,0.0,0.0,24140.0,1014.0,34.125,74.75,1589.0,GMT
1550,2025-10-13T14:00,14.5,0,0,0.0,0.0,0.0,24140.0,1014.8,34.125,74.75,1589.0,GMT
1551,2025-10-13T15:00,11.9,0,0,0.0,0.0,0.0,24140.0,1015.5,34.125,74.75,1589.0,GMT
1552,2025-10-13T16:00,10.4,0,0,0.0,0.0,0.0,24140.0,1015.9,34.125,74.75,1589.0,GMT
1553,2025-10-13T17:00,9.4,0,0,0.0,0.0,0.0,24140.0,1016.1,34.125,74.75,1589.0,GMT
1554,2025-10-13T18:00,8.7,0,0,0.0,0.0,0.0,24140.0,1016.2,34.125,74.75,1589.0,GMT
1555,2025-10-13T19:00,8.2,0,0,0.0,0.0,0.0,24140.0,1016.3,34.125,74.75,1589.0,GMT
1556,2025-10-13T20:00,8.0,0,0,0.0,0.0,0.0,24140.0,1016.2,34.125,74.75,1589.0,GMT
1557,2025-10-13T21:00,7.8,0,0,0.0,0.0,0.0,24140.0,1016.2,34.125,74.75,1589.0,GMT
1558,2025-10-13T22:00,7.3,0,0,0.0,0.0,0.0,24140.0,1016.1,34.125,74.75,1589.0,GMT
1559,2025-10-13T23:00,6.9,0,0,0.0,0.0,0.0,24140.0,1016.1,34.125,74.75,1589.0,GMT
1560,2025-10-14T00:00,7.0,0,0,0.0,0.0,0.0,24140.0,1016.2,34.125,74.75,1589.0,GMT
1561,2025-10-14T01:00,7.9,0,0,0.0,0.0,0.0,24140.0,1016.9,34.125,74.75,1589.0,GMT
1562,2025-10-14T02:00,9.3,0,0,0.0,0.0,0.0,24140.0,1017.7,34.125,74.75,1589.0,GMT
1563,2025-10-14T03:00,11.0,0,0,0.0,0.0,0.0,24140.0,1018.2,34.125,74.75,1589.0,GMT
1564,2025-10-14T04:00,13.4,0,0,0.0,0.0,0.0,24140.0,1018.0,34.125,74.75,1589.0,GMT
1565,2025-10-14T05:00,16.1,0,0,0.0,0.0,0.0,24140.0,1017.4,34.125,74.75,1589.0,GMT
1566,2025-10-14T06:00,18.5,0,0,0.0,0.0,0.0,24140.0,1016.5,34.125,74.75,1589.0,GMT
1567,2025-10-14T07:00,20.4,0,0,0.0,0.0,0.0,24140.0,1015.1,34.125,74.75,1589.0,GMT
1568,2025-10-14T08:00,21.9,0,0,0.0,0.0,0.0,24140.0,1013.5,34.125,74.75,1589.0,GMT
1569,2025-10-14T09:00,22.7,0,0,0.0,0.0,0.0,24140.0,1012.2,34.125,74.75,1589.0,GMT
1570,2025-10-14T10:00,22.8,0,0,0.0,0.0,0.0,24140.0,1011.6,34.125,74.75,1589.0,GMT
1571,2025-10-14T11:00,22.1,0,0,0.0,0.0,0.0,24140.0,1011.4,34.125,74.75,1589.0,GMT
1572,2025-10-14T12:00,20.9,0,0,0.0,0.0,0.0,24140.0,1011.6,34.125,74.75,1589.0,GMT
1573,2025-10-14T13:00,18.5,0,0,0.0,0.0,0.0,24140.0,1012.2,34.125,74.75,1589.0,GMT
1574,2025-10-14T14:00,15.6,0,0,0.0,0.0,0.0,24140.0,1013.1,34.125,74.75,1589.0,GMT
1575,2025-10-14T15:00,13.2,0,0,0.0,0.0,0.0,24140.0,1014.0,34.125,74.75,1589.0,GMT
1576,2025-10-14T16:00,11.9,0,0,0.0,0.0,0.0,24140.0,1014.6,34.125,74.75,1589.0,GMT
1577,2025-10-14T17:00,11.2,0,0,0.0,0.0,0.0,24140.0,1015.2,34.125,74.75,1589.0,GMT
1578,2025-10-14T18:00,10.7,0,0,0.0,0.0,0.0,24140.0,1015.6,34.125,74.75,1589.0,GMT
1579,2025-10-14T19:00,10.1,1,0,0.0,0.0,0.0,24140.0,1015.8,34.125,74.75,1589.0,GMT
1580,2025-10-14T20:00,9.6,1,0,0.0,0.0,0.0,24140.0,1015.9,34.125,74.75,1589.0,GMT
1581,2025-10-14T21:00,9.2,1,0,0.0,0.0,0.0,24140.0,1015.9,34.125,74.75,1589.0,GMT
1582,2025-10-14T22:00,8.9,1,0,0.0,0.0,0.0,24140.0,1015.9,34.125,74.75,1589.0,GMT
1583,2025-10-14T23:00,8.7,1,0,0.0,0.0,0.0,24140.0,1015.8,34.125,74.75,1589.0,GMT
1584,2025-10-15T00:00,8.9,1,0,0.0,0.0,0.0,24140.0,1016.0,34.125,74.75,1589.0,GMT
1585,2025-10-15T01:00,9.8,0,0,0.0,0.0,0.0,24140.0,1016.6,34.125,74.75,1589.0,GMT
1586,2025-10-15T02:00,11.1,0,0,0.0,0.0,0.0,24140.0,1017.4,34.125,74.75,1589.0,GMT
1587,2025-10-15T03:00,12.7,0,0,0.0,0.0,0.0,24140.0,1017.9,34.125,74.75,1589.0,GMT
1588,2025-10-15T04:00,14.8,0,0,0.0,0.0,0.0,24140.0,1017.8,34.125,74.75,1589.0,GMT
1589,2025-10-15T05:00,17.2,0,0,0.0,0.0,0.0,24140.0,1017.4,34.125,74.75,1589.0,GMT
1590,2025-10-15T06:00,19.2,0,0,0.0,0.0,0.0,24140.0,1016.7,34.125,74.75,1589.0,GMT
1591,2025-10-15T07:00,20.7,0,0,0.0,0.0,0.0,24140.0,1015.5,34.125,74.75,1589.0,GMT
1592,2025-10-15T08:00,21.9,0,0,0.0,0.0,0.0,24140.0,1014.1,34.125,74.75,1589.0,GMT
1593,2025-10-15T09:00,22.5,0,0,0.0,0.0,0.0,24140.0,1013.0,34.125,74.75,1589.0,GMT
1594,2025-10-15T10:00,22.6,0,0,0.0,0.0,0.0,24140.0,1012.4,34.125,74.75,1589.0,GMT
1595,2025-10-15T11:00,22.2,0,0,0.0,0.0,0.0,24140.0,1012.2,34.125,74.75,1589.0,GMT
1596,2025-10-15T12:00,21.1,0,0,0.0,0.0,0.0,24140.0,1012.3,34.125,74.75,1589.0,GMT
1597,2025-10-15T13:00,18.9,2,0,0.0,0.0,0.0,24140.0,1012.8,34.125,74.75,1589.0,GMT
1598,2025-10-15T14:00,16.0,2,0,0.0,0.0,0.0,24140.0,1013.7,34.125,74.75,1589.0,GMT
1599,2025-10-15T15:00,13.9,2,0,0.0,0.0,0.0,24140.0,1014.5,34.125,74.75,1589.0,GMT
1600,2025-10-15T16:00,13.1,2,0,0.0,0.0,0.0,24140.0,1015.2,34.125,74.75,1589.0,GMT
1601,2025-10-15T17:00,13.0,2,0,0.0,0.0,0.0,24140.0,1015.8,34.125,74.75,1589.0,GMT
1602,2025-10-15T18:00,12.9,2,0,0.0,0.0,0.0,24140.0,1016.2,34.125,74.75,1589.0,GMT
1603,2025-10-15T19:00,12.4,2,0,0.0,0.0,0.0,24140.0,1016.2,34.125,74.75,1589.0,GMT
1604,2025-10-15T20:00,11.9,2,0,0.0,0.0,0.0,24140.0,1016.1,34.125,74.75,1589.0,GMT
1605,2025-10-15T21:00,11.5,2,0,0.0,0.0,0.0,24140.0,1016.0,34.125,74.75,1589.0,GMT
1606,2025-10-15T22:00,10.9,1,0,0.0,0.0,0.0,24140.0,1016.1,34.125,74.75,1589.0,GMT
1607,2025-10-15T23:00,10.3,1,0,0.0,0.0,0.0,24140.0,1016.3,34.125,74.75,1589.0,GMT
1608,2025-10-16T00:00,10.2,1,0,0.0,0.0,0.0,24140.0,1016.6,34.125,74.75,1589.0,GMT
1609,2025-10-16T01:00,10.8,0,0,0.0,0.0,0.0,24140.0,1017.1,34.125,74.75,1589.0,GMT
1610,2025-10-16T02:00,11.8,0,0,0.0,0.0,0.0,24140.0,1017.8,34.125,74.75,1589.0,GMT
1611,2025-10-16T03:00,13.3,0,1,0.0,0.0,0.0,24140.0,1018.1,34.125,74.75,1589.0,GMT
1612,2025-10-16T04:00,15.3,0,1,0.0,0.0,0.0,24140.0,1018.0,34.125,74.75,1589.0,GMT
1613,2025-10-16T05:00,17.7,0,1,0.0,0.0,0.0,24140.0,1017.7,34.125,74.75,1589.0,GMT
1614,2025-10-16T06:00,19.7,0,2,0.0,0.0,0.0,24140.0,1017.0,34.125,74.75,1589.0,GMT
1615,2025-10-16T07:00,21.2,0,2,0.0,0.0,0.0,24140.0,1015.7,34.125,74.75,1589.0,GMT
1616,2025-10-16T08:00,22.3,0,2,0.0,0.0,0.0,24140.0,1014.1,34.125,74.75,1589.0,GMT
1617,2025-10-16T09:00,22.9,0,3,0.0,0.0,0.0,24140.0,1012.9,34.125,74.75,1589.0,GMT
1618,2025-10-16T10:00,22.9,0,3,0.0,0.0,0.0,24140.0,1012.4,34.125,74.75,1589.0,GMT
1619,2025-10-16T11:00,22.4,0,3,0.0,0.0,0.0,24140.0,1012.2,34.125,74.75,1589.0,GMT
1620,2025-10-16T12:00,21.4,0,3,0.0,0.0,0.0,24140.0,1012.5,34.125,74.75,1589.0,GMT
1621,2025-10-16T13:00,19.5,1,3,0.0,0.0,0.0,24140.0,1013.3,34.125,74.75,1589.0,GMT
1622,2025-10-16T14:00,17.0,1,3,0.0,0.0,0.0,24140.0,1014.5,34.125,74.75,1589.0,GMT
1623,2025-10-16T15:00,14.9,1,3,0.0,0.0,0.0,24140.0,1015.5,34.125,74.75,1589.0,GMT
1624,2025-10-16T16:00,13.3,1,2,0.0,0.0,0.0,24140.0,1016.2,34.125,74.75,1589.0,GMT
1625,2025-10-16T17:00,12.1,1,2,0.0,0.0,0.0,24140.0,1016.7,34.125,74.75,1589.0,GMT
1626,2025-10-16T18:00,11.1,1,2,0.0,0.0,0.0,24140.0,1017.1,34.125,74.75,1589.0,GMT
1627,2025-10-16T19:00,10.5,1,1,0.0,0.0,0.0,24140.0,1017.2,34.125,74.75,1589.0,GMT
1628,2025-10-16T20:00,10.1,1,1,0.0,0.0,0.0,24140.0,1017.2,34.125,74.75,1589.0,GMT
1629,2025-10-16T21:00,9.7,1,0,0.0,0.0,0.0,24140.0,1017.2,34.125,74.75,1589.0,GMT
1630,2025-10-16T22:00,9.1,1,0,0.0,0.0,0.0,24140.0,1017.3,34.125,74.75,1589.0,GMT
1631,2025-10-16T23:00,8.5,1,0,0.0,0.0,0.0,24140.0,1017.3,34.125,74.75,1589.0,GMT
